Sessao; Data; Tipo do Objeto; Pontos; Membro 
2;8/18/2023 5:02:51 PM;Alvo;25;Right_Arm
2;8/18/2023 5:02:56 PM;Alvo;1.333333;Right_Arm
2;8/18/2023 5:03:01 PM;Alvo;1.333333;Right_Arm
2;8/18/2023 5:06:29 PM;Alvo;25;Right_Arm
2;8/18/2023 5:06:44 PM;Alvo;1.333333;Right_Arm
2;8/18/2023 5:06:49 PM;Alvo;1.333333;Right_Arm
2;8/18/2023 5:06:55 PM;Alvo;1.333333;Right_Arm
2;8/18/2023 5:07:02 PM;Alvo;1.333333;Left_Arm
2;8/18/2023 5:07:07 PM;Alvo;1.333333;Right_Arm
2;8/18/2023 5:07:13 PM;Alvo;1.333333;Left_Arm
2;8/18/2023 5:07:20 PM;Obstaculo;1.333333;Left_Arm
2;9/27/2023 11:20:02 AM;Alvo;25;Right_Arm
2;9/27/2023 11:20:08 AM;Alvo;1.333333;Right_Arm
2;9/27/2023 11:38:14 AM;Alvo;25;Right_Arm
2;9/27/2023 11:38:20 AM;Alvo;1.333333;Right_Arm
2;9/27/2023 11:38:26 AM;Alvo;1.333333;Right_Arm
2;9/27/2023 11:38:32 AM;Alvo;1.333333;Right_Arm
2;9/27/2023 11:38:38 AM;Alvo;1.333333;Left_Arm
2;9/27/2023 11:38:44 AM;Alvo;1.333333;Right_Arm
2;9/27/2023 11:38:50 AM;Alvo;1.333333;Left_Arm
2;9/27/2023 11:39:09 AM;Alvo;25;Right_Arm
2;9/27/2023 11:39:15 AM;Alvo;1.333333;Right_Arm
2;9/27/2023 11:42:37 AM;Alvo;25;Right_Arm
2;9/27/2023 11:45:18 AM;Alvo;25;Right_Arm
2;10/11/2023 1:34:17 PM;Alvo;25;Right_Arm
2;10/11/2023 1:34:18 PM;Alvo;25;Right_Arm
2;10/11/2023 1:36:17 PM;Alvo;25;Right_Arm
2;10/11/2023 1:36:28 PM;Alvo;1.333333;Right_Arm
2;10/11/2023 1:36:38 PM;Alvo;1.333333;Right_Arm
2;10/11/2023 1:36:48 PM;Alvo;1.333333;Right_Arm
2;10/11/2023 1:37:43 PM;Alvo;1.333333;Left_Arm
2;10/11/2023 1:38:31 PM;Alvo;1.333333;Right_Arm
2;10/11/2023 1:38:41 PM;Alvo;1.333333;Left_Arm
2;10/11/2023 1:38:51 PM;Alvo;1.333333;Right_Arm
2;10/11/2023 1:38:59 PM;Alvo;1.333333;Left_Arm
2;10/11/2023 1:46:06 PM;Surpresa;1.333333;Left_Arm
2;10/11/2023 1:47:16 PM;Alvo;1.333333;Right_Arm
2;10/11/2023 1:48:10 PM;Alvo;1.333333;Right_Arm
2;10/11/2023 1:48:20 PM;Alvo;1.333333;Right_Arm
2;10/11/2023 1:48:30 PM;Alvo;1.333333;Right_Arm
2;10/11/2023 1:48:40 PM;Alvo;1.333333;Left_Arm
2;10/11/2023 1:49:00 PM;Alvo;1.333333;Right_Arm
2;10/11/2023 1:49:10 PM;Alvo;1.333333;Left_Arm
2;10/11/2023 1:49:20 PM;Alvo;1.333333;Right_Arm
2;10/11/2023 1:49:30 PM;Alvo;1.333333;Left_Arm
3;10/11/2023 1:55:34 PM;Alvo;25;Right_Arm
3;10/11/2023 1:55:44 PM;Alvo;1.333333;Right_Arm
3;10/11/2023 1:55:54 PM;Alvo;1.333333;Right_Arm
3;10/11/2023 1:56:04 PM;Alvo;1.333333;Right_Arm
3;10/11/2023 1:56:14 PM;Alvo;1.333333;Left_Arm
3;10/11/2023 1:56:24 PM;Alvo;1.333333;Right_Arm
3;10/11/2023 1:56:34 PM;Alvo;1.333333;Left_Arm
3;10/11/2023 1:56:44 PM;Alvo;1.333333;Right_Arm
3;10/11/2023 1:57:49 PM;Alvo;1.333333;Right_Arm
3;10/11/2023 1:57:55 PM;Alvo;1.333333;Right_Arm
3;10/11/2023 1:58:01 PM;Alvo;1.333333;Right_Arm
3;10/11/2023 1:58:07 PM;Alvo;1.333333;Right_Arm
3;10/11/2023 1:58:13 PM;Alvo;1.333333;Left_Arm
3;10/11/2023 1:58:19 PM;Alvo;1.333333;Right_Arm
3;10/11/2023 1:58:25 PM;Alvo;1.333333;Left_Arm
3;10/11/2023 1:58:31 PM;Alvo;1.333333;Right_Arm
3;10/11/2023 1:58:37 PM;Alvo;1.333333;Left_Arm
3;10/11/2023 1:59:13 PM;Alvo;1.333333;Right_Arm
3;10/11/2023 1:59:19 PM;Alvo;1.333333;Right_Arm
3;10/11/2023 1:59:25 PM;Alvo;1.333333;Right_Arm
3;10/11/2023 1:59:37 PM;Alvo;1.333333;Right_Arm
3;10/11/2023 1:59:43 PM;Alvo;1.333333;Left_Arm
3;10/11/2023 1:59:47 PM;Alvo;1.333333;Right_Arm
3;10/11/2023 1:59:53 PM;Alvo;1.333333;Left_Arm
3;10/11/2023 1:59:59 PM;Alvo;1.333333;Right_Arm
3;10/11/2023 2:00:05 PM;Alvo;1.333333;Left_Arm
3;10/11/2023 2:01:57 PM;Alvo;25;Right_Arm
3;10/11/2023 2:02:07 PM;Alvo;1.333333;Right_Arm
3;10/11/2023 2:02:17 PM;Alvo;1.333333;Right_Arm
3;10/11/2023 2:02:27 PM;Alvo;1.333333;Right_Arm
3;10/11/2023 2:02:37 PM;Alvo;1.333333;Left_Arm
3;10/11/2023 2:02:55 PM;Alvo;1.333333;Right_Arm
3;10/11/2023 2:03:05 PM;Alvo;1.333333;Left_Arm
3;10/11/2023 2:03:15 PM;Alvo;1.333333;Right_Arm
3;10/11/2023 2:03:23 PM;Alvo;1.333333;Left_Arm
2;10/11/2023 2:04:28 PM;Alvo;25;Right_Arm
2;10/11/2023 2:04:38 PM;Alvo;1.333333;Right_Arm
2;10/11/2023 2:04:48 PM;Alvo;1.333333;Right_Arm
2;10/11/2023 2:04:58 PM;Alvo;1.333333;Right_Arm
2;10/11/2023 2:05:08 PM;Alvo;1.333333;Left_Arm
2;10/11/2023 2:05:18 PM;Alvo;1.333333;Right_Arm
2;10/11/2023 2:05:28 PM;Alvo;1.333333;Left_Arm
2;10/11/2023 2:05:38 PM;Alvo;1.333333;Right_Arm
2;10/11/2023 2:05:46 PM;Alvo;1.333333;Left_Arm
2;10/11/2023 2:07:11 PM;Alvo;1.333333;Right_Arm
2;10/11/2023 2:07:21 PM;Alvo;1.333333;Right_Arm
2;10/11/2023 2:07:31 PM;Alvo;1.333333;Right_Arm
2;10/11/2023 2:07:41 PM;Alvo;1.333333;Right_Arm
2;10/11/2023 2:07:51 PM;Alvo;1.333333;Left_Arm
2;10/11/2023 2:08:01 PM;Alvo;1.333333;Right_Arm
2;10/11/2023 2:08:11 PM;Alvo;1.333333;Left_Arm
2;10/11/2023 2:08:21 PM;Alvo;1.333333;Right_Arm
2;10/11/2023 2:08:31 PM;Alvo;1.333333;Left_Arm
2;10/11/2023 2:11:41 PM;Alvo;25;Right_Arm
2;2/27/2024 6:55:17 PM;Alvo;25;Right_Arm
2;2/27/2024 6:55:29 PM;Alvo;1.333333;Right_Arm
2;2/27/2024 6:55:31 PM;Alvo;1.333333;Right_Arm
2;2/27/2024 6:55:39 PM;Alvo;1.333333;Right_Arm
2;2/27/2024 6:55:41 PM;Alvo;1.333333;Right_Arm
2;2/27/2024 6:55:44 PM;Alvo;1.333333;Right_Arm
2;2/27/2024 6:57:56 PM;Alvo;25;Right_Arm
2;2/27/2024 6:57:58 PM;Alvo;1.333333;Right_Arm
2;2/27/2024 6:58:00 PM;Alvo;1.333333;Right_Arm
2;2/27/2024 6:58:01 PM;Alvo;1.333333;Right_Arm
2;2/27/2024 6:58:02 PM;Alvo;1.333333;Left_Arm
2;2/27/2024 6:58:31 PM;Obstaculo;1.333333;Left_Arm
2;2/27/2024 6:58:33 PM;Obstaculo;1.333333;Right_Arm
2;2/27/2024 6:58:35 PM;Obstaculo;1.333333;Left_Arm
2;2/27/2024 6:58:37 PM;Alvo;1.333333;Right_Arm
2;2/27/2024 6:58:39 PM;Alvo;1.333333;Left_Arm
2;2/27/2024 6:58:44 PM;Obstaculo;1.333333;Left_Arm
2;2/27/2024 6:58:55 PM;Obstaculo;1.333333;Left_Arm
2;2/27/2024 6:58:57 PM;Obstaculo;1.333333;Right_Arm
2;2/27/2024 6:58:59 PM;Obstaculo;1.333333;Left_Arm
2;2/27/2024 6:59:01 PM;Alvo;1.333333;Right_Arm
2;2/27/2024 6:59:03 PM;Alvo;1.333333;Left_Arm
2;2/28/2024 7:26:40 PM;Alvo;25;Right_Arm
2;2/28/2024 7:26:42 PM;Alvo;1.333333;Right_Arm
2;2/28/2024 7:26:44 PM;Alvo;1.333333;Right_Arm
2;2/28/2024 7:26:46 PM;Alvo;1.333333;Right_Arm
2;2/28/2024 7:26:48 PM;Alvo;1.333333;Left_Arm
2;2/28/2024 7:26:50 PM;Alvo;1.333333;Right_Arm
2;2/28/2024 7:26:52 PM;Alvo;1.333333;Left_Arm
2;2/28/2024 7:26:54 PM;Alvo;1.333333;Right_Arm
2;2/28/2024 7:26:55 PM;Alvo;1.333333;Left_Arm
2;2/28/2024 7:27:06 PM;Alvo;1.333333;Right_Arm
2;2/28/2024 7:27:08 PM;Alvo;1.333333;Right_Arm
2;2/28/2024 7:27:10 PM;Alvo;1.333333;Right_Arm
2;2/28/2024 7:27:12 PM;Alvo;1.333333;Right_Arm
2;2/28/2024 7:27:14 PM;Alvo;1.333333;Left_Arm
2;2/28/2024 7:27:16 PM;Alvo;1.333333;Right_Arm
2;2/28/2024 7:27:18 PM;Alvo;1.333333;Left_Arm
2;2/28/2024 7:27:20 PM;Alvo;1.333333;Right_Arm
2;2/28/2024 7:27:22 PM;Alvo;1.333333;Left_Arm
2;2/28/2024 7:27:33 PM;Alvo;1.333333;Right_Arm
2;2/28/2024 7:27:35 PM;Alvo;1.333333;Right_Arm
2;2/28/2024 7:27:37 PM;Alvo;1.333333;Right_Arm
2;2/28/2024 7:30:17 PM;Alvo;25;Right_Arm
2;2/28/2024 7:30:19 PM;Alvo;1.333333;Right_Arm
2;2/28/2024 7:30:21 PM;Alvo;1.333333;Right_Arm
2;2/28/2024 7:30:23 PM;Alvo;1.333333;Right_Arm
2;2/28/2024 7:30:25 PM;Alvo;1.333333;Left_Arm
2;2/28/2024 7:30:27 PM;Alvo;1.333333;Right_Arm
2;2/28/2024 7:30:29 PM;Alvo;1.333333;Left_Arm
2;2/28/2024 7:30:31 PM;Alvo;1.333333;Right_Arm
2;2/28/2024 7:30:33 PM;Alvo;1.333333;Left_Arm
2;2/28/2024 7:30:44 PM;Alvo;1.333333;Right_Arm
2;2/28/2024 7:30:46 PM;Alvo;1.333333;Right_Arm
2;2/28/2024 7:30:48 PM;Alvo;1.333333;Right_Arm
2;2/28/2024 7:30:50 PM;Alvo;1.333333;Right_Arm
2;2/28/2024 7:31:27 PM;Alvo;25;Right_Arm
2;2/28/2024 7:31:29 PM;Alvo;1.333333;Right_Arm
2;2/28/2024 7:31:31 PM;Alvo;1.333333;Right_Arm
2;2/28/2024 7:31:33 PM;Alvo;1.333333;Right_Arm
2;2/28/2024 7:31:35 PM;Alvo;1.333333;Left_Arm
2;2/28/2024 7:31:37 PM;Alvo;1.333333;Right_Arm
2;2/28/2024 7:31:39 PM;Alvo;1.333333;Left_Arm
2;2/28/2024 7:31:41 PM;Alvo;1.333333;Right_Arm
2;2/28/2024 7:31:42 PM;Alvo;1.333333;Left_Arm
2;2/28/2024 7:34:28 PM;Alvo;25;Right_Arm
2;2/28/2024 7:34:30 PM;Alvo;1.333333;Right_Arm
2;2/28/2024 7:34:32 PM;Alvo;1.333333;Right_Arm
2;2/28/2024 7:34:34 PM;Alvo;1.333333;Right_Arm
2;2/28/2024 7:34:36 PM;Alvo;1.333333;Left_Arm
2;2/28/2024 7:34:38 PM;Alvo;1.333333;Right_Arm
2;2/28/2024 7:34:40 PM;Alvo;1.333333;Left_Arm
2;2/28/2024 7:34:42 PM;Alvo;1.333333;Right_Arm
2;2/28/2024 7:34:44 PM;Alvo;1.333333;Left_Arm
2;2/28/2024 7:42:26 PM;Alvo;25;Right_Arm
2;2/28/2024 7:42:28 PM;Alvo;1.333333;Right_Arm
2;2/28/2024 7:42:30 PM;Alvo;1.333333;Right_Arm
2;2/28/2024 7:42:32 PM;Alvo;1.333333;Right_Arm
2;2/28/2024 7:42:34 PM;Alvo;1.333333;Left_Arm
2;2/28/2024 7:42:36 PM;Alvo;1.333333;Right_Arm
2;2/28/2024 7:42:38 PM;Alvo;1.333333;Left_Arm
2;2/28/2024 7:42:40 PM;Alvo;1.333333;Right_Arm
2;2/28/2024 7:42:41 PM;Alvo;1.333333;Left_Arm
2;2/28/2024 7:44:22 PM;Alvo;25;Right_Arm
2;2/28/2024 7:44:24 PM;Alvo;1.333333;Right_Arm
2;2/28/2024 7:44:26 PM;Alvo;1.333333;Right_Arm
2;2/28/2024 7:44:28 PM;Alvo;1.333333;Right_Arm
2;2/28/2024 7:44:30 PM;Alvo;1.333333;Left_Arm
2;2/28/2024 7:44:32 PM;Alvo;1.333333;Right_Arm
2;2/28/2024 7:44:34 PM;Alvo;1.333333;Left_Arm
2;2/28/2024 7:44:36 PM;Alvo;1.333333;Right_Arm
2;2/28/2024 7:44:38 PM;Alvo;1.333333;Left_Arm
2;2/28/2024 7:52:09 PM;Alvo;25;Right_Arm
2;2/28/2024 7:52:11 PM;Alvo;1.333333;Right_Arm
2;2/28/2024 7:52:13 PM;Alvo;1.333333;Right_Arm
2;2/28/2024 7:52:15 PM;Alvo;1.333333;Right_Arm
2;2/28/2024 7:52:29 PM;Alvo;25;Right_Arm
2;2/28/2024 7:54:39 PM;Alvo;25;Right_Arm
2;2/28/2024 7:54:41 PM;Alvo;1.333333;Right_Arm
2;2/28/2024 7:54:43 PM;Alvo;1.333333;Right_Arm
2;2/28/2024 7:54:45 PM;Alvo;1.333333;Right_Arm
2;2/29/2024 3:52:29 PM;Alvo;25;Right_Arm
2;2/29/2024 3:53:00 PM;Alvo;1.333333;Right_Arm
2;2/29/2024 3:53:12 PM;Alvo;1.333333;Right_Arm
2;2/29/2024 3:56:49 PM;Alvo;25;Right_Arm
2;2/29/2024 3:56:51 PM;Alvo;1.333333;Right_Arm
2;2/29/2024 3:56:53 PM;Alvo;1.333333;Right_Arm
2;2/29/2024 3:56:55 PM;Alvo;1.333333;Right_Arm
2;2/29/2024 3:56:57 PM;Alvo;1.333333;Left_Arm
2;2/29/2024 3:56:59 PM;Alvo;1.333333;Right_Arm
2;2/29/2024 3:57:01 PM;Alvo;1.333333;Left_Arm
2;2/29/2024 3:57:03 PM;Alvo;1.333333;Right_Arm
2;2/29/2024 3:57:04 PM;Alvo;1.333333;Left_Arm
2;2/29/2024 3:57:15 PM;Alvo;1.333333;Right_Arm
2;2/29/2024 3:57:17 PM;Alvo;1.333333;Right_Arm
2;2/29/2024 3:57:19 PM;Alvo;1.333333;Right_Arm
2;2/29/2024 3:57:21 PM;Alvo;1.333333;Right_Arm
2;2/29/2024 3:57:23 PM;Alvo;1.333333;Left_Arm
2;2/29/2024 3:57:25 PM;Alvo;1.333333;Right_Arm
2;2/29/2024 3:57:27 PM;Alvo;1.333333;Left_Arm
2;2/29/2024 3:57:29 PM;Alvo;1.333333;Right_Arm
2;2/29/2024 3:57:31 PM;Alvo;1.333333;Left_Arm
2;2/29/2024 3:57:42 PM;Alvo;1.333333;Right_Arm
2;2/29/2024 3:57:44 PM;Alvo;1.333333;Right_Arm
2;2/29/2024 3:57:49 PM;Alvo;1.333333;Right_Arm
2;2/29/2024 3:57:51 PM;Alvo;1.333333;Right_Arm
2;2/29/2024 3:57:53 PM;Alvo;1.333333;Left_Arm
2;2/29/2024 3:57:55 PM;Alvo;1.333333;Right_Arm
2;2/29/2024 3:57:57 PM;Alvo;1.333333;Left_Arm
2;2/29/2024 3:57:59 PM;Alvo;1.333333;Right_Arm
2;2/29/2024 3:58:01 PM;Alvo;1.333333;Left_Arm
2;2/29/2024 3:58:13 PM;Alvo;1.333333;Right_Arm
2;2/29/2024 3:58:15 PM;Alvo;1.333333;Right_Arm
2;2/29/2024 3:58:17 PM;Alvo;1.333333;Right_Arm
2;2/29/2024 3:58:19 PM;Alvo;1.333333;Right_Arm
2;2/29/2024 3:58:21 PM;Alvo;1.333333;Left_Arm
2;2/29/2024 3:58:23 PM;Alvo;1.333333;Right_Arm
2;2/29/2024 3:58:26 PM;Alvo;1.333333;Left_Arm
2;2/29/2024 4:00:19 PM;Surpresa;1.333333;Left_Arm
2;2/29/2024 5:52:44 PM;Alvo;25;Right_Arm
2;2/29/2024 5:52:46 PM;Alvo;1.333333;Right_Arm
2;2/29/2024 5:52:48 PM;Alvo;1.333333;Right_Arm
2;2/29/2024 5:52:50 PM;Alvo;1.333333;Right_Arm
2;2/29/2024 5:52:52 PM;Alvo;1.333333;Left_Arm
2;2/29/2024 5:52:54 PM;Alvo;1.333333;Right_Arm
2;2/29/2024 5:52:56 PM;Alvo;1.333333;Left_Arm
2;2/29/2024 5:52:58 PM;Alvo;1.333333;Right_Arm
2;2/29/2024 5:52:59 PM;Alvo;1.333333;Left_Arm
2;2/29/2024 5:53:10 PM;Alvo;1.333333;Right_Arm
2;2/29/2024 5:53:12 PM;Alvo;1.333333;Right_Arm
2;2/29/2024 5:53:14 PM;Alvo;1.333333;Right_Arm
2;2/29/2024 5:53:16 PM;Alvo;1.333333;Right_Arm
2;2/29/2024 5:53:18 PM;Alvo;1.333333;Left_Arm
2;2/29/2024 5:53:20 PM;Alvo;1.333333;Right_Arm
2;2/29/2024 5:53:22 PM;Alvo;1.333333;Left_Arm
2;2/29/2024 5:53:24 PM;Alvo;1.333333;Right_Arm
2;2/29/2024 5:53:26 PM;Alvo;1.333333;Left_Arm
2;2/29/2024 5:53:37 PM;Alvo;1.333333;Right_Arm
2;2/29/2024 5:53:39 PM;Alvo;1.333333;Right_Arm
2;2/29/2024 5:53:41 PM;Alvo;1.333333;Right_Arm
2;2/29/2024 5:53:43 PM;Alvo;1.333333;Right_Arm
2;2/29/2024 5:53:45 PM;Alvo;1.333333;Left_Arm
2;2/29/2024 5:53:47 PM;Alvo;1.333333;Right_Arm
2;2/29/2024 5:53:49 PM;Alvo;1.333333;Left_Arm
2;2/29/2024 5:53:51 PM;Alvo;1.333333;Right_Arm
2;2/29/2024 5:53:53 PM;Alvo;1.333333;Left_Arm
2;2/29/2024 5:54:05 PM;Alvo;1.333333;Right_Arm
2;2/29/2024 5:54:07 PM;Alvo;1.333333;Right_Arm
2;2/29/2024 5:54:09 PM;Alvo;1.333333;Right_Arm
2;2/29/2024 7:50:00 PM;Alvo;25;Right_Arm
2;2/29/2024 7:50:02 PM;Alvo;1.333333;Right_Arm
2;2/29/2024 7:50:04 PM;Alvo;1.333333;Right_Arm
2;2/29/2024 7:50:06 PM;Alvo;1.333333;Right_Arm
2;2/29/2024 7:50:08 PM;Alvo;1.333333;Left_Arm
2;2/29/2024 7:50:10 PM;Alvo;1.333333;Right_Arm
2;2/29/2024 7:50:12 PM;Alvo;1.333333;Left_Arm
2;2/29/2024 7:50:14 PM;Alvo;1.333333;Right_Arm
2;2/29/2024 7:50:15 PM;Alvo;1.333333;Left_Arm
2;2/29/2024 7:50:26 PM;Alvo;1.333333;Right_Arm
2;2/29/2024 7:50:28 PM;Alvo;1.333333;Right_Arm
2;2/29/2024 7:50:30 PM;Alvo;1.333333;Right_Arm
2;2/29/2024 7:50:32 PM;Alvo;1.333333;Right_Arm
2;2/29/2024 7:50:34 PM;Alvo;1.333333;Left_Arm
2;2/29/2024 7:50:36 PM;Alvo;1.333333;Right_Arm
2;2/29/2024 7:50:38 PM;Alvo;1.333333;Left_Arm
2;2/29/2024 7:50:40 PM;Alvo;1.333333;Right_Arm
2;2/29/2024 7:50:42 PM;Alvo;1.333333;Left_Arm
2;2/29/2024 7:50:53 PM;Alvo;1.333333;Right_Arm
2;2/29/2024 7:50:55 PM;Alvo;1.333333;Right_Arm
2;2/29/2024 7:51:15 PM;Alvo;25;Right_Arm
2;2/29/2024 7:51:17 PM;Alvo;1.333333;Right_Arm
2;2/29/2024 7:51:19 PM;Alvo;1.333333;Right_Arm
2;2/29/2024 7:52:17 PM;Alvo;1.333333;Right_Arm
2;2/29/2024 7:52:19 PM;Alvo;1.333333;Left_Arm
2;2/29/2024 7:52:21 PM;Alvo;1.333333;Right_Arm
2;2/29/2024 7:52:23 PM;Alvo;1.333333;Left_Arm
2;2/29/2024 7:52:25 PM;Alvo;1.333333;Right_Arm
2;2/29/2024 7:52:27 PM;Alvo;1.333333;Left_Arm
2;2/29/2024 7:52:37 PM;Alvo;1.333333;Right_Arm
2;2/29/2024 7:52:39 PM;Alvo;1.333333;Right_Arm
2;2/29/2024 7:52:41 PM;Alvo;1.333333;Right_Arm
2;2/29/2024 7:52:43 PM;Alvo;1.333333;Right_Arm
2;2/29/2024 7:52:45 PM;Alvo;1.333333;Left_Arm
2;2/29/2024 7:52:47 PM;Alvo;1.333333;Right_Arm
2;2/29/2024 7:52:49 PM;Alvo;1.333333;Left_Arm
2;2/29/2024 7:52:51 PM;Alvo;1.333333;Right_Arm
2;2/29/2024 7:52:53 PM;Alvo;1.333333;Left_Arm
2;2/29/2024 7:53:05 PM;Alvo;1.333333;Right_Arm
2;2/29/2024 7:53:07 PM;Alvo;1.333333;Right_Arm
2;2/29/2024 7:53:09 PM;Alvo;1.333333;Right_Arm
2;2/29/2024 7:53:11 PM;Alvo;1.333333;Right_Arm
2;2/29/2024 7:53:13 PM;Alvo;1.333333;Left_Arm
2;3/1/2024 7:38:10 PM;Alvo;25;Right_Arm
2;3/1/2024 7:38:11 PM;Alvo;25;Right_Arm
2;3/1/2024 7:38:27 PM;Alvo;1.333333;Right_Arm
2;3/1/2024 7:38:55 PM;Alvo;25;Right_Arm
2;3/1/2024 7:38:59 PM;Alvo;1.333333;Right_Arm
2;3/1/2024 7:39:03 PM;Alvo;1.333333;Right_Arm
2;3/1/2024 7:40:19 PM;Alvo;25;Right_Arm
2;3/1/2024 7:40:21 PM;Alvo;1.333333;Right_Arm
2;3/1/2024 7:40:23 PM;Alvo;1.333333;Right_Arm
2;3/1/2024 7:40:25 PM;Alvo;1.333333;Right_Arm
2;3/1/2024 7:40:27 PM;Alvo;1.333333;Left_Arm
2;3/1/2024 7:40:29 PM;Alvo;1.333333;Right_Arm
2;3/1/2024 7:40:31 PM;Alvo;1.333333;Left_Arm
2;3/1/2024 7:40:33 PM;Alvo;1.333333;Right_Arm
2;3/1/2024 7:40:34 PM;Alvo;1.333333;Left_Arm
2;3/1/2024 8:09:17 PM;Alvo;25;Right_Arm
2;3/1/2024 8:09:19 PM;Alvo;1.333333;Right_Arm
2;3/1/2024 8:09:21 PM;Alvo;1.333333;Right_Arm
2;3/1/2024 8:09:23 PM;Alvo;1.333333;Right_Arm
2;3/1/2024 8:09:25 PM;Alvo;1.333333;Left_Arm
2;3/1/2024 8:09:27 PM;Alvo;1.333333;Right_Arm
2;3/1/2024 8:09:29 PM;Alvo;1.333333;Left_Arm
2;3/1/2024 8:09:31 PM;Alvo;1.333333;Right_Arm
2;3/1/2024 8:09:32 PM;Alvo;1.333333;Left_Arm
2;3/1/2024 8:09:43 PM;Alvo;1.333333;Right_Arm
2;3/1/2024 8:09:45 PM;Alvo;1.333333;Right_Arm
2;3/1/2024 8:09:47 PM;Alvo;1.333333;Right_Arm
2;3/1/2024 8:09:49 PM;Alvo;1.333333;Right_Arm
2;3/1/2024 8:09:51 PM;Alvo;1.333333;Left_Arm
2;3/1/2024 8:09:54 PM;Alvo;1.333333;Right_Arm
2;3/1/2024 8:09:56 PM;Alvo;1.333333;Left_Arm
2;3/1/2024 8:09:57 PM;Alvo;1.333333;Right_Arm
2;3/1/2024 8:09:59 PM;Alvo;1.333333;Left_Arm
2;3/4/2024 3:02:06 PM;Alvo;25;Right_Arm
2;3/4/2024 3:02:08 PM;Alvo;1.333333;Right_Arm
2;3/4/2024 3:02:10 PM;Alvo;1.333333;Right_Arm
2;3/4/2024 3:02:12 PM;Alvo;1.333333;Right_Arm
2;3/4/2024 3:02:14 PM;Alvo;1.333333;Left_Arm
2;3/4/2024 3:02:16 PM;Alvo;1.333333;Right_Arm
2;3/4/2024 3:02:18 PM;Alvo;1.333333;Left_Arm
2;3/4/2024 3:02:20 PM;Alvo;1.333333;Right_Arm
2;3/4/2024 3:02:21 PM;Alvo;1.333333;Left_Arm
2;3/4/2024 3:02:32 PM;Alvo;1.333333;Right_Arm
2;3/4/2024 3:03:43 PM;Alvo;25;Right_Arm
2;3/4/2024 3:03:45 PM;Alvo;1.333333;Right_Arm
2;3/4/2024 3:03:47 PM;Alvo;1.333333;Right_Arm
2;3/4/2024 3:03:49 PM;Alvo;1.333333;Right_Arm
2;3/4/2024 3:03:51 PM;Alvo;1.333333;Left_Arm
2;3/4/2024 3:03:53 PM;Alvo;1.333333;Right_Arm
2;3/4/2024 3:03:55 PM;Alvo;1.333333;Left_Arm
2;3/4/2024 3:05:10 PM;Alvo;25;Right_Arm
2;3/4/2024 3:05:12 PM;Alvo;1.333333;Right_Arm
2;3/4/2024 3:05:14 PM;Alvo;1.333333;Right_Arm
2;3/4/2024 3:05:16 PM;Alvo;1.333333;Right_Arm
2;3/4/2024 3:05:18 PM;Alvo;1.333333;Left_Arm
2;3/4/2024 3:05:20 PM;Alvo;1.333333;Right_Arm
2;3/4/2024 3:05:22 PM;Alvo;1.333333;Left_Arm
2;3/4/2024 3:05:24 PM;Alvo;1.333333;Right_Arm
2;3/4/2024 3:05:26 PM;Alvo;1.333333;Left_Arm
2;3/4/2024 3:05:37 PM;Alvo;1.333333;Right_Arm
2;3/4/2024 3:05:39 PM;Alvo;1.333333;Right_Arm
2;3/4/2024 3:05:41 PM;Alvo;1.333333;Right_Arm
2;3/4/2024 3:05:43 PM;Alvo;1.333333;Right_Arm
2;3/4/2024 3:05:45 PM;Alvo;1.333333;Left_Arm
2;3/4/2024 3:05:47 PM;Alvo;1.333333;Right_Arm
2;3/4/2024 3:05:49 PM;Alvo;1.333333;Left_Arm
2;3/4/2024 3:09:41 PM;Alvo;25;Right_Arm
2;3/4/2024 5:38:46 PM;Alvo;25;Right_Arm
3;3/4/2024 5:55:46 PM;Alvo;25;Right_Arm
3;3/4/2024 5:55:48 PM;Alvo;1.333333;Right_Arm
2;3/4/2024 6:01:46 PM;Alvo;25;Right_Arm
3;3/4/2024 6:03:17 PM;Alvo;25;Right_Arm
3;3/4/2024 6:03:19 PM;Alvo;1.333333;Right_Arm
3;3/4/2024 6:03:21 PM;Alvo;1.333333;Right_Arm
3;3/4/2024 6:03:23 PM;Alvo;1.333333;Right_Arm
3;3/4/2024 6:03:25 PM;Alvo;1.333333;Left_Arm
3;3/4/2024 6:03:27 PM;Alvo;1.333333;Right_Arm
3;3/4/2024 6:03:29 PM;Alvo;1.333333;Left_Arm
3;3/4/2024 6:03:31 PM;Alvo;1.333333;Right_Arm
2;3/4/2024 6:42:10 PM;Alvo;25;Right_Arm
2;3/4/2024 6:42:12 PM;Alvo;1.333333;Right_Arm
2;3/4/2024 6:42:17 PM;Alvo;1.333333;Right_Arm
2;3/4/2024 6:42:19 PM;Alvo;1.333333;Right_Arm
2;3/4/2024 6:42:21 PM;Alvo;1.333333;Left_Arm
2;3/4/2024 6:42:23 PM;Alvo;1.333333;Right_Arm
2;3/4/2024 6:42:25 PM;Alvo;1.333333;Left_Arm
2;3/4/2024 6:52:41 PM;Alvo;25;Right_Arm
4;3/5/2024 3:17:29 PM;Alvo;25;Right_Arm
4;3/5/2024 3:17:35 PM;Alvo;1.333333;Right_Arm
4;3/5/2024 3:17:41 PM;Alvo;1.333333;Right_Arm
2;3/5/2024 3:27:54 PM;Alvo;25;Right_Arm
2;3/5/2024 3:27:55 PM;Alvo;1.333333;Right_Arm
2;3/5/2024 3:27:57 PM;Alvo;1.333333;Right_Arm
2;3/5/2024 3:27:59 PM;Alvo;1.333333;Right_Arm
2;3/5/2024 4:26:33 PM;Alvo;25;Right_Arm
2;3/5/2024 4:26:42 PM;Alvo;1.333333;Right_Arm
2;3/5/2024 4:26:44 PM;Alvo;1.333333;Right_Arm
2;3/5/2024 4:26:46 PM;Alvo;1.333333;Right_Arm
2;3/5/2024 4:26:48 PM;Alvo;1.333333;Left_Arm
2;3/5/2024 4:26:50 PM;Alvo;1.333333;Right_Arm
2;3/5/2024 4:26:52 PM;Alvo;1.333333;Left_Arm
2;3/5/2024 4:26:54 PM;Alvo;1.333333;Right_Arm
2;3/5/2024 4:26:56 PM;Alvo;1.333333;Left_Arm
3;3/5/2024 4:27:02 PM;Alvo;25;Right_Arm
3;3/5/2024 4:27:04 PM;Alvo;1.333333;Right_Arm
3;3/5/2024 4:27:06 PM;Alvo;1.333333;Right_Arm
3;3/5/2024 4:27:08 PM;Alvo;1.333333;Right_Arm
2;3/5/2024 4:40:05 PM;Alvo;25;Right_Arm
2;3/5/2024 4:40:07 PM;Alvo;1.333333;Right_Arm
2;3/5/2024 4:40:09 PM;Alvo;1.333333;Right_Arm
2;3/5/2024 4:40:11 PM;Alvo;1.333333;Right_Arm
2;3/5/2024 4:40:13 PM;Alvo;1.333333;Left_Arm
2;3/5/2024 4:40:15 PM;Alvo;1.333333;Right_Arm
2;3/5/2024 4:40:17 PM;Alvo;1.333333;Left_Arm
2;3/5/2024 4:40:19 PM;Alvo;1.333333;Right_Arm
2;3/5/2024 4:40:21 PM;Alvo;1.333333;Left_Arm
2;3/5/2024 4:41:24 PM;Alvo;1.333333;Right_Arm
2;3/5/2024 4:41:26 PM;Alvo;1.333333;Left_Arm
2;3/5/2024 4:41:32 PM;Alvo;1.333333;Right_Arm
2;3/5/2024 4:41:34 PM;Alvo;1.333333;Left_Arm
2;3/5/2024 4:42:11 PM;Alvo;25;Right_Arm
2;3/5/2024 4:42:13 PM;Alvo;1.333333;Right_Arm
2;3/5/2024 4:42:15 PM;Alvo;1.333333;Right_Arm
2;3/5/2024 4:42:17 PM;Alvo;1.333333;Right_Arm
2;3/5/2024 4:42:19 PM;Alvo;1.333333;Left_Arm
2;3/5/2024 4:42:21 PM;Alvo;1.333333;Right_Arm
2;3/5/2024 4:42:23 PM;Alvo;1.333333;Left_Arm
2;3/5/2024 4:42:25 PM;Alvo;1.333333;Right_Arm
2;3/5/2024 4:42:26 PM;Alvo;1.333333;Left_Arm
2;3/5/2024 4:42:33 PM;Alvo;1.333333;Right_Arm
2;3/5/2024 4:42:35 PM;Alvo;1.333333;Right_Arm
2;3/5/2024 4:42:37 PM;Alvo;1.333333;Right_Arm
2;3/5/2024 4:42:39 PM;Alvo;1.333333;Right_Arm
2;3/5/2024 4:42:41 PM;Alvo;1.333333;Left_Arm
2;3/5/2024 4:42:43 PM;Alvo;1.333333;Right_Arm
2;3/5/2024 4:42:45 PM;Alvo;1.333333;Left_Arm
2;3/5/2024 4:45:12 PM;Obstaculo;1.333333;Right_Arm
2;3/5/2024 4:45:15 PM;Obstaculo;1.333333;Left_Arm
2;3/5/2024 4:45:16 PM;Obstaculo;1.333333;Right_Foot
2;3/5/2024 4:45:18 PM;Obstaculo;1.333333;Left_Foot
2;3/5/2024 4:46:55 PM;Obstaculo;1.333333;Right_Arm
2;3/5/2024 4:47:09 PM;Obstaculo;1.333333;Right_Arm
2;3/5/2024 4:48:08 PM;Alvo;25;Right_Arm
2;3/5/2024 4:48:10 PM;Alvo;1.333333;Right_Arm
2;3/5/2024 4:48:11 PM;Alvo;1.333333;Right_Arm
2;3/5/2024 4:48:12 PM;Alvo;1.333333;Right_Arm
2;3/11/2024 11:59:52 AM;Alvo;25;Right_Arm
2;3/11/2024 11:59:55 AM;Alvo;1.333333;Right_Arm
2;3/11/2024 11:59:57 AM;Alvo;1.333333;Right_Arm
2;3/11/2024 11:59:59 AM;Alvo;1.333333;Right_Arm
2;3/11/2024 12:00:01 PM;Alvo;1.333333;Left_Arm
2;3/11/2024 12:00:03 PM;Alvo;1.333333;Right_Arm
2;3/11/2024 12:00:09 PM;Alvo;1.333333;Left_Arm
2;3/11/2024 12:00:11 PM;Alvo;1.333333;Right_Arm
2;3/11/2024 12:00:13 PM;Alvo;1.333333;Left_Arm
2;3/11/2024 12:00:20 PM;Alvo;1.333333;Right_Arm
2;3/11/2024 12:00:22 PM;Alvo;1.333333;Right_Arm
2;3/11/2024 12:00:24 PM;Alvo;1.333333;Right_Arm
2;3/11/2024 12:00:26 PM;Alvo;1.333333;Right_Arm
2;3/11/2024 12:00:28 PM;Alvo;1.333333;Left_Arm
2;3/11/2024 12:00:30 PM;Alvo;1.333333;Right_Arm
2;3/11/2024 12:00:32 PM;Alvo;1.333333;Left_Arm
2;3/11/2024 12:00:34 PM;Alvo;1.333333;Right_Arm
2;3/11/2024 12:01:02 PM;Alvo;1.333333;Left_Arm
2;3/11/2024 12:01:10 PM;Alvo;1.333333;Right_Arm
2;3/11/2024 12:01:12 PM;Alvo;1.333333;Right_Arm
2;3/11/2024 12:01:14 PM;Alvo;1.333333;Right_Arm
2;3/11/2024 12:01:16 PM;Alvo;1.333333;Right_Arm
2;3/11/2024 12:01:18 PM;Alvo;1.333333;Left_Arm
2;3/11/2024 12:01:20 PM;Alvo;1.333333;Right_Arm
2;3/11/2024 12:01:22 PM;Alvo;1.333333;Left_Arm
2;3/11/2024 12:01:24 PM;Alvo;1.333333;Right_Arm
3;3/11/2024 12:15:15 PM;Alvo;25;Right_Arm
3;3/11/2024 12:15:17 PM;Alvo;1.333333;Right_Arm
3;3/11/2024 12:15:19 PM;Alvo;1.333333;Right_Arm
3;3/11/2024 12:15:21 PM;Alvo;1.333333;Right_Arm
3;3/11/2024 12:15:23 PM;Alvo;1.333333;Left_Arm
3;3/11/2024 12:15:25 PM;Alvo;1.333333;Right_Arm
2;3/11/2024 12:24:02 PM;Alvo;25;Right_Arm
2;3/18/2024 4:56:29 PM;Alvo;25;Right_Arm
2;3/18/2024 4:56:31 PM;Alvo;1.333333;Right_Arm
4;3/18/2024 4:56:46 PM;Alvo;25;Right_Arm
4;3/18/2024 4:56:48 PM;Alvo;1.333333;Right_Arm
4;3/18/2024 4:56:50 PM;Alvo;1.333333;Right_Arm
5;3/18/2024 4:57:00 PM;Alvo;25;Right_Arm
5;3/18/2024 4:57:03 PM;Alvo;1.333333;Right_Arm
5;3/18/2024 4:57:04 PM;Alvo;1.333333;Right_Arm
5;3/18/2024 4:57:06 PM;Alvo;1.333333;Right_Arm
5;3/18/2024 4:57:08 PM;Alvo;1.333333;Left_Arm
5;3/18/2024 4:57:10 PM;Alvo;1.333333;Right_Arm
5;3/18/2024 4:57:12 PM;Alvo;1.333333;Left_Arm
5;3/18/2024 4:57:14 PM;Alvo;1.333333;Right_Arm
5;3/18/2024 4:57:16 PM;Alvo;1.333333;Left_Arm
5;3/18/2024 4:57:23 PM;Alvo;1.333333;Right_Arm
5;3/18/2024 4:57:25 PM;Alvo;1.333333;Right_Arm
5;3/18/2024 4:57:27 PM;Alvo;1.333333;Right_Arm
5;3/18/2024 4:57:29 PM;Alvo;1.333333;Right_Arm
5;3/18/2024 4:57:31 PM;Alvo;1.333333;Left_Arm
5;3/18/2024 4:57:33 PM;Alvo;1.333333;Right_Arm
5;3/18/2024 4:57:35 PM;Alvo;1.333333;Left_Arm
5;3/18/2024 4:57:37 PM;Alvo;1.333333;Right_Arm
5;3/18/2024 4:57:39 PM;Alvo;1.333333;Left_Arm
2;3/18/2024 5:20:01 PM;Alvo;25;Right_Arm
2;3/18/2024 5:20:03 PM;Alvo;1.333333;Right_Arm
2;3/18/2024 5:20:06 PM;Alvo;1.333333;Right_Arm
2;3/18/2024 5:20:07 PM;Alvo;1.333333;Right_Arm
2;3/18/2024 5:20:10 PM;Alvo;1.333333;Left_Arm
2;3/18/2024 5:20:12 PM;Alvo;1.333333;Right_Arm
2;3/18/2024 5:20:14 PM;Alvo;1.333333;Left_Arm
2;3/18/2024 7:09:17 PM;Alvo;25;Right_Arm
2;3/18/2024 7:10:05 PM;Alvo;1.333333;Right_Arm
2;3/18/2024 7:10:07 PM;Alvo;1.333333;Right_Arm
2;3/18/2024 7:10:09 PM;Alvo;1.333333;Right_Arm
2;3/18/2024 7:10:11 PM;Alvo;1.333333;Left_Arm
2;3/18/2024 7:10:23 PM;Alvo;1.333333;Right_Arm
2;3/18/2024 7:10:25 PM;Alvo;1.333333;Left_Arm
2;3/18/2024 7:10:27 PM;Alvo;1.333333;Right_Arm
2;3/18/2024 7:10:28 PM;Alvo;1.333333;Left_Arm
2;3/18/2024 7:10:35 PM;Alvo;1.333333;Right_Arm
2;3/18/2024 7:10:42 PM;Alvo;1.333333;Right_Arm
2;3/18/2024 7:10:44 PM;Alvo;1.333333;Right_Arm
2;3/18/2024 7:10:46 PM;Alvo;1.333333;Right_Arm
2;3/18/2024 7:10:48 PM;Alvo;1.333333;Left_Arm
2;3/18/2024 7:10:50 PM;Alvo;1.333333;Right_Arm
2;3/18/2024 7:10:52 PM;Alvo;1.333333;Left_Arm
2;3/18/2024 7:10:54 PM;Alvo;1.333333;Right_Arm
2;3/18/2024 7:10:56 PM;Alvo;1.333333;Left_Arm
2;3/18/2024 7:11:07 PM;Alvo;1.333333;Right_Arm
2;3/18/2024 7:11:09 PM;Alvo;1.333333;Right_Arm
2;3/18/2024 7:11:51 PM;Alvo;1.333333;Right_Arm
2;3/18/2024 7:11:53 PM;Alvo;1.333333;Right_Arm
2;3/18/2024 7:11:55 PM;Alvo;1.333333;Left_Arm
2;3/18/2024 7:11:57 PM;Alvo;1.333333;Right_Arm
2;3/18/2024 7:14:56 PM;Alvo;1.333333;Left_Arm
2;3/18/2024 7:14:58 PM;Alvo;1.333333;Right_Arm
2;3/18/2024 7:15:00 PM;Alvo;1.333333;Left_Arm
2;3/18/2024 7:15:10 PM;Alvo;1.333333;Right_Arm
2;3/18/2024 7:15:12 PM;Alvo;1.333333;Right_Arm
2;3/18/2024 7:15:14 PM;Alvo;1.333333;Right_Arm
2;3/18/2024 7:15:16 PM;Alvo;1.333333;Right_Arm
2;3/18/2024 7:15:18 PM;Alvo;1.333333;Left_Arm
2;3/18/2024 7:15:20 PM;Alvo;1.333333;Right_Arm
2;3/20/2024 5:14:47 PM;Alvo;25;Right_Arm
2;3/20/2024 5:14:49 PM;Alvo;1.333333;Right_Arm
2;3/20/2024 5:14:52 PM;Alvo;1.333333;Right_Arm
2;3/20/2024 5:14:54 PM;Alvo;1.333333;Right_Arm
2;3/20/2024 5:14:56 PM;Alvo;1.333333;Left_Arm
2;3/20/2024 5:14:58 PM;Alvo;1.333333;Right_Arm
2;3/20/2024 5:15:00 PM;Alvo;1.333333;Left_Arm
2;3/20/2024 5:15:02 PM;Alvo;1.333333;Right_Arm
2;3/20/2024 5:15:03 PM;Alvo;1.333333;Left_Arm
2;3/20/2024 5:15:10 PM;Alvo;1.333333;Right_Arm
2;3/20/2024 5:42:14 PM;Alvo;25;Right_Arm
2;3/20/2024 5:42:16 PM;Alvo;1.333333;Right_Arm
2;3/20/2024 5:42:18 PM;Alvo;1.333333;Right_Arm
2;3/20/2024 5:42:20 PM;Alvo;1.333333;Right_Arm
2;3/20/2024 5:42:22 PM;Alvo;1.333333;Left_Arm
2;3/20/2024 5:42:24 PM;Alvo;1.333333;Right_Arm
2;3/20/2024 5:42:26 PM;Alvo;1.333333;Left_Arm
2;3/20/2024 5:42:28 PM;Alvo;1.333333;Right_Arm
2;3/20/2024 7:07:28 PM;Alvo;25;Right_Arm
2;3/20/2024 7:07:30 PM;Alvo;1.333333;Right_Arm
2;3/20/2024 7:07:32 PM;Alvo;1.333333;Right_Arm
2;3/20/2024 7:07:34 PM;Alvo;1.333333;Right_Arm
2;3/20/2024 7:07:36 PM;Alvo;1.333333;Left_Arm
2;3/20/2024 7:07:38 PM;Alvo;1.333333;Right_Arm
2;3/20/2024 7:07:40 PM;Alvo;1.333333;Left_Arm
2;3/20/2024 7:13:20 PM;Alvo;25;Right_Arm
2;3/20/2024 7:13:22 PM;Alvo;1.333333;Right_Arm
2;3/20/2024 7:13:24 PM;Alvo;1.333333;Right_Arm
2;3/20/2024 7:13:26 PM;Alvo;1.333333;Right_Arm
2;3/20/2024 7:13:28 PM;Alvo;1.333333;Left_Arm
2;3/20/2024 7:13:30 PM;Alvo;1.333333;Right_Arm
2;3/20/2024 7:13:32 PM;Alvo;1.333333;Left_Arm
2;3/20/2024 7:13:34 PM;Alvo;1.333333;Right_Arm
2;3/20/2024 7:13:35 PM;Alvo;1.333333;Left_Arm
2;3/20/2024 7:13:42 PM;Alvo;1.333333;Right_Arm
2;3/20/2024 7:13:44 PM;Alvo;1.333333;Right_Arm
2;3/20/2024 7:13:46 PM;Alvo;1.333333;Right_Arm
2;3/20/2024 7:13:48 PM;Alvo;1.333333;Right_Arm
2;3/20/2024 7:22:35 PM;Alvo;25;Right_Arm
2;3/20/2024 7:22:37 PM;Alvo;1.333333;Right_Arm
2;3/20/2024 7:22:39 PM;Alvo;1.333333;Right_Arm
2;3/20/2024 7:22:41 PM;Alvo;1.333333;Right_Arm
2;3/20/2024 7:22:43 PM;Alvo;1.333333;Left_Arm
2;3/20/2024 7:22:45 PM;Alvo;1.333333;Right_Arm
2;3/20/2024 7:22:47 PM;Alvo;1.333333;Left_Arm
2;3/20/2024 7:22:49 PM;Alvo;1.333333;Right_Arm
2;3/20/2024 7:22:50 PM;Alvo;1.333333;Left_Arm
2;3/20/2024 7:22:57 PM;Alvo;1.333333;Right_Arm
2;3/20/2024 7:22:59 PM;Alvo;1.333333;Right_Arm
2;3/20/2024 7:23:01 PM;Alvo;1.333333;Right_Arm
2;3/20/2024 7:23:06 PM;Alvo;1.333333;Right_Arm
2;3/20/2024 7:23:08 PM;Alvo;1.333333;Left_Arm
2;3/20/2024 7:23:10 PM;Alvo;1.333333;Right_Arm
2;3/20/2024 7:24:12 PM;Alvo;25;Right_Arm
2;3/20/2024 7:24:14 PM;Alvo;1.333333;Right_Arm
2;3/20/2024 7:24:16 PM;Alvo;1.333333;Right_Arm
2;3/20/2024 7:24:18 PM;Alvo;1.333333;Right_Arm
2;3/20/2024 7:24:20 PM;Alvo;1.333333;Left_Arm
2;3/20/2024 7:24:56 PM;Alvo;25;Right_Arm
2;3/20/2024 7:24:58 PM;Alvo;1.333333;Right_Arm
2;3/20/2024 7:25:00 PM;Alvo;1.333333;Right_Arm
2;3/20/2024 7:25:02 PM;Alvo;1.333333;Right_Arm
2;3/20/2024 7:25:04 PM;Alvo;1.333333;Left_Arm
2;3/20/2024 7:25:06 PM;Alvo;1.333333;Right_Arm
2;3/20/2024 7:25:08 PM;Alvo;1.333333;Left_Arm
2;3/20/2024 7:25:10 PM;Alvo;1.333333;Right_Arm
2;3/20/2024 7:25:12 PM;Alvo;1.333333;Left_Arm
2;3/20/2024 7:25:18 PM;Alvo;1.333333;Right_Arm
2;3/20/2024 7:25:20 PM;Alvo;1.333333;Right_Arm
2;3/20/2024 7:25:46 PM;Alvo;25;Right_Arm
2;3/20/2024 7:25:48 PM;Alvo;1.333333;Right_Arm
2;3/20/2024 7:25:50 PM;Alvo;1.333333;Right_Arm
2;3/20/2024 7:25:52 PM;Alvo;1.333333;Right_Arm
2;3/20/2024 7:25:54 PM;Alvo;1.333333;Left_Arm
2;3/20/2024 7:26:22 PM;Alvo;25;Right_Arm
2;3/20/2024 7:26:24 PM;Alvo;1.333333;Right_Arm
2;3/20/2024 7:26:26 PM;Alvo;1.333333;Right_Arm
2;3/20/2024 7:26:28 PM;Alvo;1.333333;Right_Arm
2;3/20/2024 7:26:30 PM;Alvo;1.333333;Left_Arm
2;3/20/2024 7:26:32 PM;Alvo;1.333333;Right_Arm
2;3/20/2024 7:26:34 PM;Alvo;1.333333;Left_Arm
2;3/20/2024 7:26:36 PM;Alvo;1.333333;Right_Arm
2;3/20/2024 7:26:38 PM;Alvo;1.333333;Left_Arm
2;3/20/2024 7:26:45 PM;Alvo;1.333333;Right_Arm
2;3/20/2024 7:26:47 PM;Alvo;1.333333;Right_Arm
2;3/20/2024 7:26:49 PM;Alvo;1.333333;Right_Arm
2;3/20/2024 7:26:51 PM;Alvo;1.333333;Right_Arm
2;3/20/2024 7:26:53 PM;Alvo;1.333333;Left_Arm
2;3/20/2024 7:26:55 PM;Alvo;1.333333;Right_Arm
2;3/20/2024 7:26:57 PM;Alvo;1.333333;Left_Arm
2;3/20/2024 7:26:59 PM;Alvo;1.333333;Right_Arm
2;3/20/2024 7:27:01 PM;Alvo;1.333333;Left_Arm
2;3/21/2024 3:19:36 PM;Alvo;25;Right_Arm
2;3/21/2024 3:19:38 PM;Alvo;1.333333;Right_Arm
2;3/21/2024 3:19:40 PM;Alvo;1.333333;Right_Arm
2;3/21/2024 3:19:42 PM;Alvo;1.333333;Right_Arm
2;3/21/2024 3:19:44 PM;Alvo;1.333333;Left_Arm
2;3/21/2024 3:19:46 PM;Alvo;1.333333;Right_Arm
2;3/21/2024 3:19:48 PM;Alvo;1.333333;Left_Arm
2;3/21/2024 3:19:50 PM;Alvo;1.333333;Right_Arm
2;3/21/2024 3:19:51 PM;Alvo;1.333333;Left_Arm
2;3/21/2024 3:19:58 PM;Alvo;1.333333;Right_Arm
2;3/21/2024 3:20:00 PM;Alvo;1.333333;Right_Arm
2;3/21/2024 3:20:02 PM;Alvo;1.333333;Right_Arm
2;3/21/2024 3:20:04 PM;Alvo;1.333333;Right_Arm
2;3/21/2024 3:20:06 PM;Alvo;1.333333;Left_Arm
2;3/21/2024 3:20:08 PM;Alvo;1.333333;Right_Arm
2;3/21/2024 3:20:15 PM;Alvo;1.333333;Left_Arm
2;3/21/2024 3:20:17 PM;Alvo;1.333333;Right_Arm
2;3/21/2024 3:20:19 PM;Alvo;1.333333;Left_Arm
2;3/21/2024 3:20:27 PM;Alvo;1.333333;Right_Arm
2;3/21/2024 3:20:29 PM;Alvo;1.333333;Right_Arm
2;3/21/2024 3:20:31 PM;Alvo;1.333333;Right_Arm
2;3/21/2024 3:20:33 PM;Alvo;1.333333;Right_Arm
2;3/21/2024 3:20:34 PM;Alvo;1.333333;Left_Arm
2;3/21/2024 3:20:37 PM;Alvo;1.333333;Right_Arm
2;3/21/2024 3:20:39 PM;Alvo;1.333333;Left_Arm
2;3/21/2024 3:20:41 PM;Alvo;1.333333;Right_Arm
2;3/21/2024 3:20:43 PM;Alvo;1.333333;Left_Arm
2;3/21/2024 3:20:51 PM;Alvo;1.333333;Right_Arm
2;3/21/2024 3:20:53 PM;Alvo;1.333333;Right_Arm
2;3/21/2024 3:20:55 PM;Alvo;1.333333;Right_Arm
2;3/21/2024 3:20:57 PM;Alvo;1.333333;Right_Arm
2;3/21/2024 3:20:59 PM;Alvo;1.333333;Left_Arm
2;3/21/2024 3:21:01 PM;Alvo;1.333333;Right_Arm
2;3/21/2024 3:21:04 PM;Alvo;1.333333;Left_Arm
2;3/21/2024 3:21:40 PM;Surpresa;1.333333;Left_Arm
2;3/21/2024 3:24:58 PM;Alvo;25;Right_Arm
2;3/21/2024 3:25:00 PM;Alvo;1.333333;Right_Arm
2;3/21/2024 3:25:02 PM;Alvo;1.333333;Right_Arm
2;3/21/2024 3:25:04 PM;Alvo;1.333333;Right_Arm
2;3/21/2024 3:25:06 PM;Alvo;1.333333;Left_Arm
2;3/21/2024 3:25:09 PM;Alvo;1.333333;Right_Arm
2;3/21/2024 3:25:11 PM;Alvo;1.333333;Left_Arm
2;3/21/2024 3:25:13 PM;Alvo;1.333333;Right_Arm
2;3/21/2024 3:25:14 PM;Alvo;1.333333;Left_Arm
2;3/21/2024 3:25:21 PM;Alvo;1.333333;Right_Arm
2;3/21/2024 3:25:23 PM;Alvo;1.333333;Right_Arm
2;3/21/2024 3:25:25 PM;Alvo;1.333333;Right_Arm
2;3/21/2024 3:25:27 PM;Alvo;1.333333;Right_Arm
2;3/21/2024 3:25:29 PM;Alvo;1.333333;Left_Arm
2;3/21/2024 3:25:31 PM;Alvo;1.333333;Right_Arm
2;3/21/2024 3:25:33 PM;Alvo;1.333333;Left_Arm
2;3/21/2024 3:25:35 PM;Alvo;1.333333;Right_Arm
2;3/21/2024 3:25:37 PM;Alvo;1.333333;Left_Arm
2;3/21/2024 3:25:54 PM;Alvo;1.333333;Right_Arm
2;3/21/2024 3:25:56 PM;Alvo;1.333333;Right_Arm
2;3/21/2024 3:25:58 PM;Alvo;1.333333;Right_Arm
2;3/21/2024 3:26:00 PM;Alvo;1.333333;Right_Arm
2;3/21/2024 3:26:01 PM;Alvo;1.333333;Left_Arm
2;3/21/2024 3:26:03 PM;Alvo;1.333333;Right_Arm
2;3/21/2024 3:26:05 PM;Alvo;1.333333;Left_Arm
2;3/21/2024 3:26:07 PM;Alvo;1.333333;Right_Arm
2;3/21/2024 3:26:09 PM;Alvo;1.333333;Left_Arm
2;3/21/2024 3:26:17 PM;Alvo;1.333333;Right_Arm
2;3/21/2024 3:26:54 PM;Alvo;1.333333;Right_Arm
2;3/21/2024 3:26:56 PM;Alvo;1.333333;Right_Arm
2;3/21/2024 3:26:58 PM;Alvo;1.333333;Right_Arm
2;3/21/2024 3:27:00 PM;Alvo;1.333333;Left_Arm
2;3/21/2024 3:27:03 PM;Alvo;1.333333;Right_Arm
2;3/21/2024 3:29:59 PM;Surpresa;1.333333;Left_Foot
2;3/21/2024 3:30:46 PM;Alvo;25;Right_Arm
2;3/21/2024 3:30:48 PM;Alvo;1.333333;Right_Arm
2;3/21/2024 3:30:50 PM;Alvo;1.333333;Right_Arm
2;3/21/2024 3:30:52 PM;Alvo;1.333333;Right_Arm
2;3/21/2024 3:30:54 PM;Alvo;1.333333;Left_Arm
2;3/21/2024 3:30:56 PM;Alvo;1.333333;Right_Arm
2;3/21/2024 3:30:58 PM;Alvo;1.333333;Left_Arm
2;3/21/2024 3:31:00 PM;Alvo;1.333333;Right_Arm
2;3/21/2024 3:31:02 PM;Alvo;1.333333;Left_Arm
2;3/21/2024 3:31:08 PM;Alvo;1.333333;Right_Arm
2;3/21/2024 3:31:10 PM;Alvo;1.333333;Right_Arm
2;3/21/2024 3:31:12 PM;Alvo;1.333333;Right_Arm
2;3/21/2024 3:31:14 PM;Alvo;1.333333;Right_Arm
2;3/21/2024 3:31:16 PM;Alvo;1.333333;Left_Arm
2;3/21/2024 3:31:44 PM;Alvo;25;Right_Arm
2;3/21/2024 3:42:14 PM;Alvo;25;Right_Arm
2;3/21/2024 3:43:46 PM;Alvo;25;Right_Arm
2;3/21/2024 3:43:48 PM;Alvo;1.333333;Right_Arm
2;3/21/2024 3:43:50 PM;Alvo;1.333333;Right_Arm
2;3/21/2024 3:43:52 PM;Alvo;1.333333;Right_Arm
2;3/21/2024 3:43:54 PM;Alvo;1.333333;Left_Arm
2;3/21/2024 3:43:56 PM;Alvo;1.333333;Right_Arm
2;3/21/2024 4:00:02 PM;Alvo;25;Right_Arm
2;3/21/2024 4:01:14 PM;Alvo;25;Right_Arm
2;3/21/2024 4:02:09 PM;Alvo;25;Right_Arm
2;3/21/2024 4:02:11 PM;Alvo;1.333333;Right_Arm
2;3/21/2024 4:02:13 PM;Alvo;1.333333;Right_Arm
2;3/21/2024 4:02:15 PM;Alvo;1.333333;Right_Arm
2;3/21/2024 4:02:17 PM;Alvo;1.333333;Left_Arm
2;3/21/2024 4:02:19 PM;Alvo;1.333333;Right_Arm
2;3/21/2024 4:02:21 PM;Alvo;1.333333;Left_Arm
2;3/21/2024 4:02:23 PM;Alvo;1.333333;Right_Arm
2;3/21/2024 4:02:24 PM;Alvo;1.333333;Left_Arm
2;3/21/2024 4:02:31 PM;Alvo;1.333333;Right_Arm
2;3/21/2024 4:02:33 PM;Alvo;1.333333;Right_Arm
2;3/21/2024 4:02:35 PM;Alvo;1.333333;Right_Arm
2;3/21/2024 4:02:37 PM;Alvo;1.333333;Right_Arm
2;3/21/2024 4:02:39 PM;Alvo;1.333333;Left_Arm
2;3/21/2024 4:02:41 PM;Alvo;1.333333;Right_Arm
2;3/21/2024 4:02:43 PM;Alvo;1.333333;Left_Arm
2;3/21/2024 4:07:00 PM;Alvo;25;Right_Arm
2;3/21/2024 4:07:02 PM;Alvo;1.333333;Right_Arm
2;3/21/2024 4:07:04 PM;Alvo;1.333333;Right_Arm
2;3/21/2024 4:07:06 PM;Alvo;1.333333;Right_Arm
2;3/21/2024 4:07:08 PM;Alvo;1.333333;Left_Arm
2;3/21/2024 4:07:10 PM;Alvo;1.333333;Right_Arm
2;3/21/2024 4:07:12 PM;Alvo;1.333333;Left_Arm
2;3/21/2024 4:07:14 PM;Alvo;1.333333;Right_Arm
2;3/21/2024 4:07:15 PM;Alvo;1.333333;Left_Arm
2;3/21/2024 4:07:22 PM;Alvo;1.333333;Right_Arm
2;3/21/2024 4:07:24 PM;Alvo;1.333333;Right_Arm
2;3/21/2024 4:07:26 PM;Alvo;1.333333;Right_Arm
2;3/21/2024 4:07:28 PM;Alvo;1.333333;Right_Arm
2;3/21/2024 4:07:30 PM;Alvo;1.333333;Left_Arm
2;3/21/2024 4:07:32 PM;Alvo;1.333333;Right_Arm
2;3/21/2024 4:07:34 PM;Alvo;1.333333;Left_Arm
2;3/21/2024 4:07:36 PM;Alvo;1.333333;Right_Arm
2;3/21/2024 4:07:38 PM;Alvo;1.333333;Left_Arm
2;3/21/2024 4:07:46 PM;Alvo;1.333333;Right_Arm
2;3/21/2024 4:07:48 PM;Alvo;1.333333;Right_Arm
2;3/21/2024 4:07:50 PM;Alvo;1.333333;Right_Arm
2;3/21/2024 4:07:52 PM;Alvo;1.333333;Right_Arm
2;3/21/2024 4:08:04 PM;Obstaculo;1.333333;Left_Arm
3;3/21/2024 4:59:27 PM;Alvo;25;Right_Arm
3;3/21/2024 4:59:29 PM;Alvo;1.333333;Right_Arm
3;3/21/2024 4:59:31 PM;Alvo;1.333333;Right_Arm
3;3/21/2024 4:59:33 PM;Alvo;1.333333;Right_Arm
3;3/21/2024 4:59:35 PM;Alvo;1.333333;Left_Arm
3;3/21/2024 4:59:37 PM;Alvo;1.333333;Right_Arm
3;3/21/2024 5:01:14 PM;Alvo;1.333333;Left_Arm
3;3/21/2024 5:01:16 PM;Alvo;1.333333;Right_Arm
3;3/21/2024 5:01:17 PM;Alvo;1.333333;Left_Arm
2;3/21/2024 5:02:13 PM;Alvo;25;Right_Arm
2;3/21/2024 5:02:15 PM;Alvo;1.333333;Right_Arm
2;3/21/2024 5:02:17 PM;Alvo;1.333333;Right_Arm
2;3/21/2024 5:02:19 PM;Alvo;1.333333;Right_Arm
2;3/21/2024 5:02:21 PM;Alvo;1.333333;Left_Arm
2;3/21/2024 5:02:23 PM;Alvo;1.333333;Right_Arm
2;3/21/2024 5:02:26 PM;Alvo;1.333333;Left_Arm
2;3/21/2024 5:03:43 PM;Alvo;25;Right_Arm
2;3/21/2024 5:03:45 PM;Alvo;1.333333;Right_Arm
2;3/21/2024 5:03:46 PM;Alvo;1.333333;Right_Arm
2;3/21/2024 5:03:48 PM;Alvo;1.333333;Right_Arm
2;3/21/2024 5:04:38 PM;Obstaculo;1.333333;Right_Arm
2;3/21/2024 5:04:40 PM;Obstaculo;1.333333;Left_Arm
2;3/21/2024 5:04:42 PM;Obstaculo;1.333333;Right_Foot
2;3/21/2024 5:04:44 PM;Obstaculo;1.333333;Left_Foot
2;3/21/2024 5:04:50 PM;Obstaculo;1.333333;Right_Arm
2;3/21/2024 5:05:03 PM;Obstaculo;1.333333;Right_Arm
2;3/21/2024 5:05:05 PM;Obstaculo;1.333333;Left_Arm
2;3/21/2024 5:05:07 PM;Obstaculo;1.333333;Right_Foot
2;3/21/2024 5:05:09 PM;Obstaculo;1.333333;Left_Foot
2;3/21/2024 5:05:15 PM;Obstaculo;1.333333;Right_Arm
2;3/21/2024 5:05:27 PM;Obstaculo;1.333333;Right_Arm
2;3/21/2024 5:05:29 PM;Obstaculo;1.333333;Left_Arm
2;3/21/2024 5:05:31 PM;Obstaculo;1.333333;Right_Foot
2;3/21/2024 5:05:33 PM;Obstaculo;1.333333;Left_Foot
2;3/21/2024 5:24:53 PM;Alvo;25;Right_Arm
2;3/21/2024 5:24:55 PM;Alvo;1.333333;Right_Arm
2;3/21/2024 5:24:59 PM;Alvo;1.333333;Right_Arm
2;3/21/2024 5:25:03 PM;Alvo;1.333333;Right_Arm
2;3/21/2024 5:25:05 PM;Alvo;1.333333;Left_Arm
2;3/21/2024 5:25:09 PM;Alvo;1.333333;Right_Arm
2;3/21/2024 5:25:11 PM;Alvo;1.333333;Left_Arm
2;3/21/2024 5:25:13 PM;Alvo;1.333333;Right_Arm
2;3/21/2024 5:25:14 PM;Alvo;1.333333;Left_Arm
2;3/21/2024 5:25:24 PM;Alvo;1.333333;Right_Arm
2;3/21/2024 5:25:33 PM;Alvo;1.333333;Right_Arm
2;3/21/2024 5:25:35 PM;Alvo;1.333333;Right_Arm
2;3/21/2024 5:25:37 PM;Alvo;1.333333;Right_Arm
2;3/21/2024 5:25:39 PM;Alvo;1.333333;Left_Arm
2;3/21/2024 5:25:41 PM;Alvo;1.333333;Right_Arm
2;3/21/2024 5:25:43 PM;Alvo;1.333333;Left_Arm
2;3/21/2024 5:25:47 PM;Alvo;1.333333;Right_Arm
2;3/21/2024 5:25:49 PM;Alvo;1.333333;Left_Arm
2;3/21/2024 5:25:58 PM;Alvo;1.333333;Right_Arm
2;3/21/2024 5:26:00 PM;Alvo;1.333333;Right_Arm
2;3/21/2024 5:26:02 PM;Alvo;1.333333;Right_Arm
2;3/21/2024 5:26:04 PM;Alvo;1.333333;Right_Arm
2;3/21/2024 5:26:07 PM;Alvo;1.333333;Left_Arm
2;3/21/2024 5:26:08 PM;Alvo;1.333333;Right_Arm
2;3/21/2024 5:26:10 PM;Alvo;1.333333;Left_Arm
2;3/21/2024 5:26:12 PM;Alvo;1.333333;Right_Arm
2;3/22/2024 2:47:26 PM;Alvo;25;Right_Arm
2;3/22/2024 2:47:28 PM;Alvo;1.333333;Right_Arm
2;3/22/2024 2:47:30 PM;Alvo;1.333333;Right_Arm
2;3/22/2024 2:47:32 PM;Alvo;1.333333;Right_Arm
2;3/22/2024 2:47:34 PM;Alvo;1.333333;Left_Arm
2;3/22/2024 2:47:36 PM;Alvo;1.333333;Right_Arm
2;3/22/2024 3:16:02 PM;Alvo;1.333333;Left_Arm
2;3/27/2024 4:06:42 PM;Alvo;25;Right_Arm
2;3/27/2024 4:06:44 PM;Alvo;1.333333;Right_Arm
2;3/27/2024 4:06:46 PM;Alvo;1.333333;Right_Arm
2;3/27/2024 4:06:48 PM;Alvo;1.333333;Right_Arm
2;3/27/2024 4:06:50 PM;Alvo;1.333333;Left_Arm
2;3/27/2024 4:06:51 PM;Alvo;1.333333;Right_Arm
2;3/27/2024 4:06:52 PM;Alvo;1.333333;Left_Arm
2;3/27/2024 4:47:40 PM;Alvo;1.333333;Right_Arm
2;3/27/2024 4:47:42 PM;Alvo;1.333333;Right_Arm
2;3/27/2024 4:47:44 PM;Alvo;1.333333;Right_Arm
2;3/27/2024 4:47:46 PM;Alvo;1.333333;Left_Arm
2;3/27/2024 4:47:48 PM;Alvo;1.333333;Right_Arm
2;3/27/2024 4:47:50 PM;Alvo;1.333333;Left_Arm
2;3/27/2024 4:51:34 PM;Alvo;25;Right_Arm
2;3/27/2024 4:51:36 PM;Alvo;1.333333;Right_Arm
4;3/27/2024 5:26:56 PM;Alvo;25;Right_Arm
4;3/27/2024 5:26:58 PM;Alvo;Infinity;Left_Arm
4;3/27/2024 5:27:08 PM;Alvo;Infinity;Right_Arm
4;3/27/2024 5:27:10 PM;Alvo;Infinity;Left_Arm
4;3/27/2024 5:27:20 PM;Alvo;Infinity;Right_Arm
4;3/27/2024 5:27:22 PM;Alvo;Infinity;Left_Arm
2;3/27/2024 5:29:37 PM;Alvo;25;Right_Arm
2;3/27/2024 5:29:38 PM;Alvo;25;Right_Arm
4;3/27/2024 5:33:02 PM;Alvo;Infinity;Right_Arm
4;3/27/2024 5:33:04 PM;Alvo;Infinity;Left_Arm
4;3/27/2024 5:33:10 PM;Alvo;Infinity;Right_Foot
4;3/27/2024 5:33:12 PM;Alvo;Infinity;Left_Foot
4;3/27/2024 5:33:14 PM;Alvo;Infinity;Right_Arm
4;3/27/2024 5:33:16 PM;Alvo;Infinity;Left_Arm
4;3/27/2024 5:33:25 PM;Alvo;Infinity;Right_Arm
4;3/27/2024 5:33:26 PM;Alvo;Infinity;Left_Arm
4;3/27/2024 5:33:32 PM;Alvo;Infinity;Right_Foot
5;3/27/2024 5:33:44 PM;Alvo;Infinity;Right_Arm
5;3/27/2024 5:33:46 PM;Alvo;Infinity;Left_Arm
5;3/27/2024 5:33:52 PM;Alvo;Infinity;Right_Foot
5;3/27/2024 5:33:54 PM;Alvo;Infinity;Left_Foot
5;3/27/2024 5:33:56 PM;Alvo;Infinity;Right_Arm
5;3/27/2024 5:33:58 PM;Alvo;Infinity;Left_Arm
5;3/27/2024 5:34:08 PM;Alvo;Infinity;Right_Arm
5;3/27/2024 5:34:10 PM;Alvo;Infinity;Left_Arm
5;3/27/2024 5:34:17 PM;Alvo;Infinity;Right_Foot
5;3/27/2024 5:34:19 PM;Alvo;Infinity;Left_Foot
5;3/27/2024 5:34:21 PM;Alvo;Infinity;Right_Arm
5;3/27/2024 5:34:23 PM;Alvo;Infinity;Left_Arm
5;3/27/2024 5:34:33 PM;Alvo;Infinity;Right_Arm
5;3/27/2024 5:34:35 PM;Alvo;Infinity;Left_Arm
5;3/27/2024 5:34:41 PM;Alvo;Infinity;Right_Foot
5;3/27/2024 5:34:43 PM;Alvo;Infinity;Left_Foot
5;3/27/2024 5:34:46 PM;Alvo;Infinity;Right_Arm
5;3/27/2024 5:34:49 PM;Alvo;Infinity;Left_Arm
5;3/27/2024 5:34:59 PM;Alvo;Infinity;Right_Arm
5;3/27/2024 5:35:01 PM;Alvo;Infinity;Left_Arm
5;3/27/2024 5:35:07 PM;Alvo;Infinity;Right_Foot
5;3/27/2024 5:35:09 PM;Alvo;Infinity;Left_Foot
5;3/27/2024 5:35:11 PM;Alvo;Infinity;Right_Arm
5;3/27/2024 5:35:13 PM;Alvo;Infinity;Left_Arm
5;3/27/2024 5:35:21 PM;Alvo;Infinity;Right_Arm
5;3/27/2024 5:35:27 PM;Alvo;Infinity;Left_Arm
5;3/27/2024 5:35:51 PM;Alvo;Infinity;Right_Foot
5;3/27/2024 5:35:57 PM;Alvo;Infinity;Left_Foot
5;3/27/2024 5:36:03 PM;Alvo;Infinity;Right_Arm
5;3/27/2024 5:36:09 PM;Alvo;Infinity;Left_Arm
5;3/27/2024 5:36:39 PM;Alvo;Infinity;Right_Arm
5;3/27/2024 5:36:45 PM;Alvo;Infinity;Left_Arm
5;3/27/2024 5:37:04 PM;Alvo;Infinity;Right_Foot
5;3/27/2024 5:37:10 PM;Alvo;Infinity;Left_Foot
5;3/27/2024 5:37:16 PM;Alvo;Infinity;Right_Arm
5;3/27/2024 5:37:22 PM;Surpresa;Infinity;Left_Arm
5;3/27/2024 5:37:28 PM;Alvo;Infinity;Left_Arm
5;3/27/2024 5:37:58 PM;Alvo;Infinity;Right_Arm
5;3/27/2024 5:38:04 PM;Alvo;Infinity;Left_Arm
5;3/27/2024 5:38:22 PM;Alvo;Infinity;Right_Foot
5;3/27/2024 5:38:28 PM;Alvo;Infinity;Left_Foot
5;3/27/2024 5:38:35 PM;Alvo;Infinity;Right_Arm
7;3/27/2024 5:42:49 PM;Alvo;Infinity;Right_Arm
7;3/27/2024 5:42:56 PM;Alvo;Infinity;Left_Arm
7;3/27/2024 5:43:09 PM;Alvo;Infinity;Right_Foot
7;3/27/2024 5:43:10 PM;Alvo;Infinity;Left_Foot
7;3/27/2024 5:43:15 PM;Alvo;Infinity;Right_Foot
7;3/27/2024 5:43:16 PM;Alvo;Infinity;Left_Foot
7;3/27/2024 5:43:22 PM;Alvo;Infinity;Right_Foot
7;3/27/2024 5:43:28 PM;Alvo;Infinity;Right_Foot
7;3/27/2024 5:43:29 PM;Alvo;Infinity;Left_Foot
7;3/27/2024 5:43:33 PM;Alvo;Infinity;Right_Foot
7;3/27/2024 5:43:34 PM;Alvo;Infinity;Left_Foot
7;3/27/2024 5:43:35 PM;Alvo;Infinity;Right_Foot
7;3/27/2024 5:43:35 PM;Alvo;Infinity;Right_Arm
7;3/27/2024 5:43:36 PM;Alvo;Infinity;Left_Arm
7;3/27/2024 5:43:36 PM;Alvo;Infinity;Left_Foot
7;3/27/2024 5:43:39 PM;Alvo;Infinity;Right_Foot
7;3/27/2024 5:43:40 PM;Alvo;Infinity;Left_Foot
7;3/27/2024 5:43:42 PM;Alvo;Infinity;Right_Foot
7;3/27/2024 5:43:43 PM;Alvo;Infinity;Left_Foot
7;3/27/2024 5:43:52 PM;Alvo;Infinity;Right_Foot
7;3/27/2024 5:44:02 PM;Alvo;Infinity;Right_Foot
7;3/27/2024 5:44:03 PM;Alvo;Infinity;Left_Foot
7;3/27/2024 5:44:06 PM;Alvo;Infinity;Right_Foot
7;3/27/2024 5:44:07 PM;Alvo;Infinity;Left_Foot
7;3/27/2024 5:44:09 PM;Obstaculo;Infinity;Right_Foot
7;3/27/2024 5:44:09 PM;Alvo;Infinity;Right_Foot
7;3/27/2024 5:44:10 PM;Obstaculo;Infinity;Left_Foot
7;3/27/2024 5:44:10 PM;Alvo;Infinity;Left_Foot
7;3/27/2024 5:44:10 PM;Obstaculo;Infinity;Right_Foot
7;3/27/2024 5:44:10 PM;Alvo;Infinity;Right_Arm
7;3/27/2024 5:44:10 PM;Alvo;Infinity;Right_Foot
7;3/27/2024 5:44:11 PM;Alvo;Infinity;Left_Arm
7;3/27/2024 5:44:11 PM;Alvo;Infinity;Left_Foot
7;3/27/2024 5:44:11 PM;Obstaculo;Infinity;Left_Foot
7;3/27/2024 5:44:11 PM;Obstaculo;Infinity;Right_Foot
7;3/27/2024 5:44:11 PM;Alvo;Infinity;Right_Foot
7;3/27/2024 5:44:22 PM;Obstaculo;Infinity;Left_Foot
7;3/27/2024 5:44:22 PM;Alvo;Infinity;Left_Foot
7;3/27/2024 5:44:23 PM;Obstaculo;Infinity;Right_Foot
7;3/27/2024 5:44:23 PM;Alvo;Infinity;Left_Foot
7;3/27/2024 5:44:24 PM;Alvo;Infinity;Right_Foot
7;3/27/2024 5:44:24 PM;Obstaculo;Infinity;Left_Foot
7;3/27/2024 5:44:25 PM;Obstaculo;Infinity;Right_Foot
7;3/27/2024 5:44:26 PM;Obstaculo;Infinity;Left_Foot
7;3/27/2024 5:44:27 PM;Obstaculo;Infinity;Right_Foot
7;3/27/2024 5:44:27 PM;Alvo;Infinity;Left_Foot
7;3/27/2024 5:44:28 PM;Alvo;Infinity;Left_Foot
7;3/27/2024 5:44:28 PM;Obstaculo;-Infinity;Right_Foot
7;3/27/2024 5:44:28 PM;Alvo;Infinity;Right_Foot
7;3/27/2024 5:44:28 PM;Obstaculo;Infinity;Left_Foot
7;3/27/2024 5:44:32 PM;Alvo;Infinity;Right_Arm
7;3/27/2024 5:44:33 PM;Alvo;Infinity;Left_Arm
2;3/27/2024 5:44:58 PM;Alvo;25;Right_Arm
2;3/27/2024 5:45:00 PM;Alvo;1.388889;Left_Arm
2;3/27/2024 5:45:02 PM;Alvo;1.388889;Right_Arm
3;3/27/2024 5:45:33 PM;Alvo;Infinity;Right_Arm
3;3/27/2024 5:45:35 PM;Alvo;Infinity;Left_Arm
3;3/27/2024 5:45:41 PM;Alvo;Infinity;Right_Foot
3;3/27/2024 5:45:43 PM;Alvo;Infinity;Left_Foot
3;3/27/2024 5:45:45 PM;Alvo;Infinity;Right_Arm
3;3/27/2024 5:45:47 PM;Alvo;Infinity;Left_Arm
3;3/27/2024 5:45:57 PM;Alvo;Infinity;Right_Arm
3;3/27/2024 5:45:59 PM;Alvo;Infinity;Left_Arm
3;3/27/2024 5:46:02 PM;Alvo;Infinity;Right_Foot
3;3/27/2024 5:46:08 PM;Alvo;Infinity;Left_Foot
3;3/27/2024 5:46:14 PM;Alvo;Infinity;Right_Arm
3;3/27/2024 5:46:20 PM;Alvo;Infinity;Left_Arm
3;3/27/2024 5:46:50 PM;Alvo;Infinity;Right_Arm
3;3/27/2024 5:46:56 PM;Alvo;Infinity;Left_Arm
3;3/27/2024 5:47:14 PM;Alvo;Infinity;Right_Foot
3;3/27/2024 5:47:26 PM;Alvo;Infinity;Left_Foot
3;3/27/2024 5:47:33 PM;Alvo;Infinity;Right_Arm
3;3/27/2024 5:47:39 PM;Alvo;Infinity;Left_Arm
3;3/27/2024 5:48:09 PM;Alvo;Infinity;Right_Arm
3;3/27/2024 5:48:15 PM;Alvo;Infinity;Left_Arm
3;3/27/2024 5:48:33 PM;Alvo;Infinity;Right_Foot
3;3/27/2024 5:48:39 PM;Alvo;Infinity;Left_Foot
3;3/27/2024 5:48:45 PM;Alvo;Infinity;Right_Arm
3;3/27/2024 5:48:57 PM;Alvo;Infinity;Left_Arm
3;3/27/2024 5:49:29 PM;Alvo;Infinity;Right_Arm
3;3/27/2024 5:49:35 PM;Alvo;Infinity;Left_Arm
3;3/27/2024 5:49:53 PM;Alvo;Infinity;Right_Foot
3;3/27/2024 5:49:59 PM;Alvo;Infinity;Left_Foot
3;3/27/2024 5:50:05 PM;Alvo;Infinity;Right_Arm
3;3/27/2024 5:50:11 PM;Alvo;Infinity;Left_Arm
3;3/27/2024 5:50:41 PM;Surpresa;Infinity;Left_Foot
3;3/27/2024 5:50:47 PM;Alvo;Infinity;Right_Arm
3;3/27/2024 5:50:53 PM;Alvo;Infinity;Left_Arm
3;3/27/2024 5:51:16 PM;Alvo;Infinity;Right_Foot
3;3/27/2024 5:51:26 PM;Alvo;Infinity;Left_Foot
3;3/27/2024 5:51:36 PM;Alvo;Infinity;Right_Arm
3;3/27/2024 5:51:46 PM;Alvo;Infinity;Left_Arm
3;3/27/2024 5:52:36 PM;Alvo;Infinity;Right_Arm
3;3/27/2024 5:52:46 PM;Alvo;Infinity;Left_Arm
3;3/27/2024 5:53:16 PM;Alvo;Infinity;Right_Foot
3;3/27/2024 5:53:26 PM;Alvo;Infinity;Left_Foot
3;3/27/2024 5:53:37 PM;Alvo;Infinity;Right_Arm
3;3/27/2024 5:53:47 PM;Alvo;Infinity;Left_Arm
3;3/27/2024 5:54:37 PM;Alvo;Infinity;Right_Arm
3;3/27/2024 5:54:47 PM;Alvo;Infinity;Left_Arm
3;3/27/2024 5:55:17 PM;Alvo;Infinity;Right_Foot
3;3/27/2024 5:55:27 PM;Alvo;Infinity;Left_Foot
3;3/27/2024 5:55:37 PM;Alvo;Infinity;Right_Arm
3;3/27/2024 5:55:47 PM;Alvo;Infinity;Left_Arm
3;3/27/2024 5:56:39 PM;Alvo;Infinity;Right_Arm
3;3/27/2024 5:56:49 PM;Alvo;Infinity;Left_Arm
3;3/27/2024 5:57:19 PM;Alvo;Infinity;Right_Foot
3;3/27/2024 5:57:29 PM;Alvo;Infinity;Left_Foot
3;3/27/2024 5:57:39 PM;Alvo;Infinity;Right_Arm
3;3/27/2024 5:57:49 PM;Alvo;Infinity;Left_Arm
3;3/27/2024 5:58:39 PM;Alvo;Infinity;Right_Arm
3;3/27/2024 5:58:49 PM;Alvo;Infinity;Left_Arm
3;3/27/2024 5:59:11 PM;Alvo;Infinity;Right_Foot
3;3/27/2024 5:59:17 PM;Alvo;Infinity;Left_Foot
3;3/27/2024 5:59:23 PM;Alvo;Infinity;Right_Arm
3;3/27/2024 5:59:29 PM;Alvo;Infinity;Left_Arm
3;3/27/2024 5:59:59 PM;Alvo;Infinity;Right_Arm
3;3/27/2024 6:00:05 PM;Alvo;Infinity;Left_Arm
2;3/27/2024 6:03:27 PM;Alvo;25;Right_Arm
2;3/27/2024 6:03:29 PM;Alvo;1.388889;Left_Arm
3;3/27/2024 6:06:53 PM;Alvo;Infinity;Right_Arm
3;3/27/2024 6:06:55 PM;Alvo;Infinity;Left_Arm
2;3/27/2024 6:09:54 PM;Alvo;Infinity;Right_Arm
2;3/27/2024 6:09:56 PM;Alvo;Infinity;Left_Arm
2;3/27/2024 6:10:55 PM;Alvo;Infinity;Right_Foot
2;3/27/2024 6:10:57 PM;Alvo;Infinity;Left_Foot
2;3/27/2024 6:10:59 PM;Alvo;Infinity;Right_Arm
3;3/27/2024 6:18:44 PM;Alvo;Infinity;Right_Arm
3;3/27/2024 6:18:48 PM;Alvo;Infinity;Left_Arm
2;3/27/2024 6:22:14 PM;Alvo;25;Right_Arm
2;3/27/2024 6:22:16 PM;Alvo;1.388889;Left_Arm
2;3/27/2024 6:22:18 PM;Alvo;1.388889;Right_Arm
6;3/27/2024 6:25:32 PM;Alvo;Infinity;Right_Arm
6;3/27/2024 6:25:34 PM;Alvo;Infinity;Left_Arm
2;3/28/2024 11:02:01 AM;Alvo;25;Right_Arm
4;3/28/2024 11:02:28 AM;Alvo;Infinity;Right_Arm
4;3/28/2024 11:02:30 AM;Alvo;Infinity;Left_Arm
3;3/28/2024 11:18:52 AM;Alvo;Infinity;Right_Arm
2;3/28/2024 11:19:49 AM;Alvo;Infinity;Right_Arm
2;3/28/2024 11:19:51 AM;Alvo;Infinity;Left_Arm
2;3/28/2024 11:19:57 AM;Alvo;Infinity;Right_Foot
2;3/28/2024 11:19:59 AM;Alvo;Infinity;Left_Foot
2;3/28/2024 11:20:01 AM;Alvo;Infinity;Right_Arm
2;3/28/2024 11:23:26 AM;Alvo;Infinity;Left_Arm
3;3/28/2024 11:24:17 AM;Alvo;25;Right_Arm
3;3/28/2024 11:24:19 AM;Alvo;1.388889;Left_Arm
3;3/28/2024 11:24:21 AM;Alvo;1.388889;Right_Arm
3;3/28/2024 11:24:23 AM;Alvo;1.388889;Left_Arm
3;3/28/2024 11:24:25 AM;Alvo;1.388889;Right_Arm
2;3/28/2024 11:35:34 AM;Alvo;25;Right_Arm
2;3/28/2024 11:38:30 AM;Alvo;0.6944444;Right_Arm
2;3/28/2024 11:38:32 AM;Alvo;0.6944444;Left_Arm
6;3/28/2024 1:28:20 PM;Alvo;25;Left_Arm
6;3/28/2024 1:28:22 PM;Alvo;1.408451;Right_Arm
6;3/28/2024 1:28:24 PM;Alvo;1.408451;Left_Arm
6;3/28/2024 1:28:26 PM;Alvo;1.408451;Right_Arm
6;3/28/2024 1:28:28 PM;Alvo;1.408451;Left_Arm
6;3/28/2024 1:28:44 PM;Alvo;1.408451;Left_Arm
6;3/28/2024 1:28:46 PM;Alvo;1.408451;Right_Arm
7;3/28/2024 1:28:54 PM;Alvo;25;Right_Arm
7;3/28/2024 1:29:00 PM;Alvo;100;Right_Arm
3;3/28/2024 2:08:53 PM;Alvo;2.777778;Right_Arm
3;3/28/2024 2:08:57 PM;Obstaculo;2.777778;Left_Arm
3;3/28/2024 2:09:01 PM;Alvo;2.777778;Left_Foot
3;3/28/2024 2:09:01 PM;Alvo;2.777778;Right_Foot
3;3/28/2024 2:09:02 PM;Obstaculo;2.777778;Right_Foot
3;3/28/2024 2:09:02 PM;Obstaculo;2.777778;Left_Foot
3;3/28/2024 2:09:10 PM;Alvo;2.777778;Right_Arm
3;3/28/2024 2:09:19 PM;Obstaculo;2.777778;Left_Arm
3;3/28/2024 2:09:24 PM;Alvo;2.777778;Left_Foot
3;3/28/2024 2:09:24 PM;Alvo;2.777778;Right_Foot
3;3/28/2024 2:09:25 PM;Obstaculo;2.777778;Right_Foot
3;3/28/2024 2:09:25 PM;Obstaculo;2.777778;Left_Foot
3;3/28/2024 2:09:27 PM;Alvo;2.777778;Right_Arm
3;3/28/2024 2:09:38 PM;Obstaculo;2.777778;Right_Foot
3;3/28/2024 2:09:38 PM;Obstaculo;2.777778;Right_Arm
3;3/28/2024 2:09:40 PM;Obstaculo;2.777778;Left_Foot
3;3/28/2024 2:09:40 PM;Obstaculo;2.777778;Left_Arm
3;3/28/2024 2:09:43 PM;Alvo;2.777778;Head
3;3/28/2024 2:09:46 PM;Obstaculo;2.777778;Head
3;3/28/2024 2:09:50 PM;Obstaculo;2.777778;Left_Arm
3;3/28/2024 2:09:57 PM;Obstaculo;2.777778;Right_Arm
3;3/28/2024 2:09:57 PM;Obstaculo;-2.777778;Right_Foot
3;3/28/2024 2:09:57 PM;Obstaculo;2.777778;Left_Arm
3;3/28/2024 2:09:57 PM;Obstaculo;-2.777778;Left_Foot
3;3/28/2024 2:09:58 PM;Alvo;2.777778;Head
3;3/28/2024 2:10:06 PM;Obstaculo;2.777778;Head
3;3/28/2024 2:10:18 PM;Obstaculo;2.777778;Left_Arm
3;3/28/2024 5:51:32 PM;Alvo;0.6944444;Right_Arm
3;3/28/2024 5:51:36 PM;Alvo;0.6944444;Head
3;3/28/2024 5:51:39 PM;Alvo;0.6944444;Right_Foot
3;3/28/2024 5:51:40 PM;Alvo;0.6944444;Left_Foot
3;3/28/2024 5:51:41 PM;Alvo;0.6944444;Right_Arm
3;3/28/2024 5:51:41 PM;Alvo;0.6944444;Right_Foot
3;3/28/2024 5:51:42 PM;Alvo;0.6944444;Left_Arm
3;3/28/2024 5:51:42 PM;Alvo;0.6944444;Left_Foot
3;3/28/2024 5:51:45 PM;Alvo;0.6944444;Right_Foot
3;3/28/2024 5:51:46 PM;Alvo;0.6944444;Left_Foot
3;3/28/2024 5:51:47 PM;Alvo;0.6944444;Right_Foot
3;3/28/2024 5:51:48 PM;Alvo;0.6944444;Left_Foot
3;3/28/2024 5:51:52 PM;Alvo;0.6944444;Right_Foot
3;3/28/2024 5:51:53 PM;Alvo;0.6944444;Left_Foot
4;3/28/2024 5:52:18 PM;Alvo;2.777778;Right_Arm
4;3/28/2024 5:52:26 PM;Obstaculo;2.777778;Left_Arm
4;3/28/2024 5:52:34 PM;Alvo;2.777778;Left_Foot
4;3/28/2024 5:52:34 PM;Alvo;2.777778;Right_Foot
4;3/28/2024 5:52:36 PM;Obstaculo;2.777778;Right_Foot
4;3/28/2024 5:52:36 PM;Obstaculo;2.777778;Left_Foot
4;3/28/2024 5:52:53 PM;Obstaculo;2.777778;Right_Foot
4;3/28/2024 5:52:53 PM;Obstaculo;2.777778;Right_Arm
4;3/28/2024 5:52:56 PM;Obstaculo;2.777778;Left_Foot
4;3/28/2024 5:52:56 PM;Obstaculo;2.777778;Left_Arm
4;3/28/2024 5:52:58 PM;Alvo;2.777778;Head
4;3/28/2024 5:53:00 PM;Obstaculo;2.777778;Head
4;3/28/2024 5:53:04 PM;Obstaculo;2.777778;Left_Arm
2;9/3/2024 10:52:30 AM;Alvo;25;Left_Arm
2;9/3/2024 10:52:32 AM;Alvo;1.408451;Right_Arm
2;9/3/2024 10:52:34 AM;Alvo;1.408451;Left_Arm
2;9/3/2024 10:52:36 AM;Alvo;1.408451;Right_Arm
2;9/3/2024 10:52:38 AM;Alvo;1.408451;Left_Arm
2;9/3/2024 11:10:09 AM;Alvo;25;Left_Arm
2;9/3/2024 11:10:11 AM;Alvo;1.408451;Right_Arm
2;9/3/2024 11:10:13 AM;Alvo;1.408451;Left_Arm
2;9/3/2024 11:10:15 AM;Alvo;1.408451;Right_Arm
2;9/3/2024 11:10:17 AM;Alvo;1.408451;Left_Arm
2;9/3/2024 11:10:33 AM;Alvo;1.408451;Left_Arm
2;9/3/2024 11:11:40 AM;Alvo;25;Left_Arm
2;9/3/2024 11:11:42 AM;Alvo;1.408451;Right_Arm
2;9/3/2024 11:11:44 AM;Alvo;1.408451;Left_Arm
2;9/3/2024 11:11:46 AM;Alvo;1.408451;Right_Arm
2;9/3/2024 11:11:48 AM;Alvo;1.408451;Left_Arm
2;9/3/2024 11:12:05 AM;Alvo;1.408451;Left_Arm
2;9/3/2024 11:12:07 AM;Alvo;1.408451;Right_Arm
2;9/3/2024 11:12:09 AM;Alvo;1.408451;Left_Arm
2;9/3/2024 11:12:11 AM;Alvo;1.408451;Right_Arm
2;9/3/2024 11:12:13 AM;Alvo;1.408451;Left_Arm
2;9/3/2024 11:12:29 AM;Alvo;1.408451;Left_Arm
2;9/3/2024 11:12:31 AM;Alvo;1.408451;Right_Arm
2;9/3/2024 11:12:33 AM;Alvo;1.408451;Left_Arm
2;9/3/2024 11:12:35 AM;Alvo;1.408451;Right_Arm
2;9/3/2024 11:12:37 AM;Alvo;1.408451;Left_Arm
2;9/3/2024 11:12:53 AM;Alvo;1.408451;Left_Arm
2;9/3/2024 11:12:55 AM;Alvo;1.408451;Right_Arm
2;9/3/2024 11:12:57 AM;Alvo;1.408451;Left_Arm
2;9/3/2024 11:14:13 AM;Alvo;25;Left_Arm
2;9/3/2024 11:14:15 AM;Alvo;1.408451;Right_Arm
2;9/3/2024 11:14:17 AM;Alvo;1.408451;Left_Arm
2;9/3/2024 11:14:19 AM;Alvo;1.408451;Right_Arm
2;9/3/2024 11:14:21 AM;Alvo;1.408451;Left_Arm
2;9/3/2024 11:14:37 AM;Alvo;1.408451;Left_Arm
2;9/3/2024 11:20:42 AM;Alvo;25;Left_Arm
2;9/3/2024 11:20:44 AM;Alvo;1.408451;Right_Arm
2;9/3/2024 11:20:46 AM;Alvo;1.408451;Left_Arm
2;9/3/2024 11:20:48 AM;Alvo;1.408451;Right_Arm
2;9/3/2024 11:20:50 AM;Alvo;1.408451;Left_Arm
2;9/3/2024 11:21:06 AM;Alvo;1.408451;Left_Arm
2;9/3/2024 11:21:08 AM;Alvo;1.408451;Right_Arm
2;9/3/2024 11:21:10 AM;Alvo;1.408451;Left_Arm
2;9/3/2024 11:21:12 AM;Alvo;1.408451;Right_Arm
2;9/3/2024 11:21:14 AM;Alvo;1.408451;Left_Arm
2;9/3/2024 11:47:42 AM;Alvo;25;Left_Arm
2;9/3/2024 11:47:45 AM;Alvo;1.408451;Right_Arm
2;9/3/2024 11:47:47 AM;Alvo;1.408451;Left_Arm
2;9/3/2024 11:47:49 AM;Alvo;1.408451;Right_Arm
2;9/3/2024 11:47:51 AM;Alvo;1.408451;Left_Arm
2;9/3/2024 12:00:09 PM;Alvo;25;Left_Arm
2;9/3/2024 12:00:11 PM;Alvo;1.408451;Right_Arm
2;9/3/2024 12:00:13 PM;Alvo;1.408451;Left_Arm
2;9/3/2024 12:00:15 PM;Alvo;1.408451;Right_Arm
2;9/3/2024 12:00:17 PM;Alvo;1.408451;Left_Arm
2;9/3/2024 12:00:33 PM;Alvo;1.408451;Left_Arm
2;9/3/2024 12:00:35 PM;Alvo;1.408451;Right_Arm
2;9/3/2024 12:00:37 PM;Alvo;1.408451;Left_Arm
2;9/3/2024 12:00:39 PM;Alvo;1.408451;Right_Arm
2;9/3/2024 12:00:41 PM;Alvo;1.408451;Left_Arm
2;9/3/2024 12:00:57 PM;Alvo;1.408451;Left_Arm
2;9/3/2024 12:00:59 PM;Alvo;1.408451;Right_Arm
2;9/3/2024 12:01:01 PM;Alvo;1.408451;Left_Arm
2;9/3/2024 12:01:03 PM;Alvo;1.408451;Right_Arm
2;9/3/2024 12:21:18 PM;Alvo;25;Left_Arm
2;9/3/2024 12:21:20 PM;Alvo;1.408451;Right_Arm
2;9/3/2024 12:21:22 PM;Alvo;1.408451;Left_Arm
2;9/3/2024 12:21:24 PM;Alvo;1.408451;Right_Arm
2;9/3/2024 12:21:26 PM;Alvo;1.408451;Left_Arm
2;9/3/2024 12:23:21 PM;Alvo;25;Left_Arm
2;9/3/2024 12:23:23 PM;Alvo;1.408451;Right_Arm
2;9/3/2024 12:23:25 PM;Alvo;1.408451;Left_Arm
2;9/3/2024 12:23:27 PM;Alvo;1.408451;Right_Arm
2;9/3/2024 12:23:29 PM;Alvo;1.408451;Left_Arm
2;9/3/2024 12:23:45 PM;Alvo;1.408451;Left_Arm
2;9/3/2024 12:23:47 PM;Alvo;1.408451;Right_Arm
2;9/3/2024 12:23:49 PM;Alvo;1.408451;Left_Arm
2;9/3/2024 12:23:51 PM;Alvo;1.408451;Right_Arm
2;9/3/2024 12:23:53 PM;Alvo;1.408451;Left_Arm
2;9/3/2024 12:34:51 PM;Alvo;25;Left_Arm
2;9/3/2024 12:35:53 PM;Alvo;25;Left_Arm
2;9/3/2024 12:35:55 PM;Alvo;1.408451;Right_Arm
2;9/3/2024 12:35:57 PM;Alvo;1.408451;Left_Arm
2;9/3/2024 12:35:59 PM;Alvo;1.408451;Right_Arm
2;9/3/2024 12:36:01 PM;Alvo;1.408451;Left_Arm
2;9/3/2024 12:38:57 PM;Alvo;25;Left_Arm
2;9/3/2024 12:39:01 PM;Alvo;1.408451;Right_Arm
2;9/3/2024 12:39:07 PM;Alvo;1.408451;Left_Arm
2;9/3/2024 12:39:09 PM;Alvo;1.408451;Right_Arm
2;9/3/2024 12:39:11 PM;Alvo;1.408451;Left_Arm
2;9/3/2024 1:01:21 PM;Alvo;25;Left_Arm
2;9/3/2024 1:01:24 PM;Alvo;1.408451;Right_Arm
2;9/3/2024 1:01:26 PM;Alvo;1.408451;Left_Arm
2;9/3/2024 1:01:28 PM;Alvo;1.408451;Right_Arm
2;9/3/2024 1:01:30 PM;Alvo;1.408451;Left_Arm
2;04/09/2024 17:14:49;Alvo;25;Left_Arm
2;04/09/2024 17:14:51;Alvo;1,408451;Right_Arm
2;04/09/2024 17:14:53;Alvo;1,408451;Left_Arm
2;04/09/2024 17:14:55;Alvo;1,408451;Right_Arm
2;04/09/2024 17:14:57;Alvo;1,408451;Left_Arm
2;04/09/2024 17:15:13;Alvo;1,408451;Left_Arm
2;04/09/2024 17:15:15;Alvo;1,408451;Right_Arm
2;04/09/2024 17:15:17;Alvo;1,408451;Left_Arm
2;04/09/2024 17:16:16;Alvo;25;Left_Arm
2;04/09/2024 17:16:18;Alvo;1,408451;Right_Arm
2;04/09/2024 17:32:37;Alvo;25;Left_Arm
2;04/09/2024 17:32:39;Alvo;1,408451;Right_Arm
2;04/09/2024 17:32:41;Alvo;1,408451;Left_Arm
2;04/09/2024 17:32:43;Alvo;1,408451;Right_Arm
2;04/09/2024 17:32:45;Alvo;1,408451;Left_Arm
2;04/09/2024 17:33:01;Alvo;1,408451;Left_Arm
2;04/09/2024 17:33:03;Alvo;1,408451;Right_Arm
2;04/09/2024 17:33:05;Alvo;1,408451;Left_Arm
2;04/09/2024 17:33:07;Alvo;1,408451;Right_Arm
2;04/09/2024 17:33:09;Alvo;1,408451;Left_Arm
3;04/09/2024 17:34:28;Alvo;25;Left_Arm
3;04/09/2024 17:34:30;Alvo;1,408451;Right_Arm
3;04/09/2024 17:34:32;Alvo;1,408451;Left_Arm
2;04/09/2024 17:45:22;Alvo;25;Left_Arm
2;04/09/2024 17:45:24;Alvo;1,408451;Right_Arm
2;04/09/2024 17:45:26;Alvo;1,408451;Left_Arm
2;04/09/2024 17:45:28;Alvo;1,408451;Right_Arm
2;04/09/2024 17:45:30;Alvo;1,408451;Left_Arm
2;04/09/2024 17:45:46;Alvo;1,408451;Left_Arm
2;04/09/2024 17:45:48;Alvo;1,408451;Right_Arm
2;04/09/2024 17:45:50;Alvo;1,408451;Left_Arm
2;04/09/2024 17:45:52;Alvo;1,408451;Right_Arm
2;04/09/2024 17:45:54;Alvo;1,408451;Left_Arm
2;04/09/2024 17:46:10;Alvo;1,408451;Left_Arm
2;04/09/2024 17:46:12;Alvo;1,408451;Right_Arm
2;04/09/2024 17:46:14;Alvo;1,408451;Left_Arm
2;04/09/2024 17:46:16;Alvo;1,408451;Right_Arm
2;04/09/2024 17:46:18;Alvo;1,408451;Left_Arm
2;04/09/2024 17:48:38;Alvo;25;Left_Arm
2;04/09/2024 17:48:40;Alvo;1,408451;Right_Arm
2;04/09/2024 17:48:42;Alvo;1,408451;Left_Arm
2;04/09/2024 17:48:44;Alvo;1,408451;Right_Arm
2;04/09/2024 17:48:46;Alvo;1,408451;Left_Arm
2;04/09/2024 17:50:11;Alvo;25;Left_Arm
2;04/09/2024 17:50:13;Alvo;1,408451;Right_Arm
2;04/09/2024 17:50:15;Alvo;1,408451;Left_Arm
2;04/09/2024 17:50:17;Alvo;1,408451;Right_Arm
2;04/09/2024 17:50:19;Alvo;1,408451;Left_Arm
2;04/09/2024 17:50:35;Alvo;1,408451;Left_Arm
2;04/09/2024 17:50:37;Alvo;1,408451;Right_Arm
2;04/09/2024 17:50:39;Alvo;1,408451;Left_Arm
2;04/09/2024 17:50:41;Alvo;1,408451;Right_Arm
2;04/09/2024 17:50:43;Alvo;1,408451;Left_Arm
2;04/09/2024 17:51:42;Alvo;25;Left_Arm
2;04/09/2024 17:51:44;Alvo;1,408451;Right_Arm
2;04/09/2024 17:51:46;Alvo;1,408451;Left_Arm
2;04/09/2024 17:51:48;Alvo;1,408451;Right_Arm
2;04/09/2024 17:51:50;Alvo;1,408451;Left_Arm
2;04/09/2024 17:52:06;Alvo;1,408451;Left_Arm
2;04/09/2024 17:53:14;Alvo;25;Left_Arm
2;04/09/2024 17:53:16;Alvo;1,408451;Right_Arm
2;04/09/2024 17:53:18;Alvo;1,408451;Left_Arm
2;04/09/2024 17:53:20;Alvo;1,408451;Right_Arm
2;04/09/2024 17:53:22;Alvo;1,408451;Left_Arm
2;04/09/2024 18:07:47;Alvo;1,408451;Right_Arm
2;04/09/2024 18:07:49;Alvo;1,408451;Left_Arm
2;04/09/2024 18:07:51;Alvo;1,408451;Right_Arm
2;04/09/2024 18:07:53;Alvo;1,408451;Left_Arm
2;04/09/2024 18:07:55;Alvo;1,408451;Right_Arm
2;04/09/2024 18:07:57;Alvo;1,408451;Left_Arm
2;04/09/2024 18:07:59;Alvo;1,408451;Right_Arm
2;04/09/2024 18:08:09;Alvo;1,408451;Right_Arm
2;04/09/2024 18:08:11;Alvo;1,408451;Left_Arm
2;04/09/2024 18:08:13;Alvo;1,408451;Right_Arm
2;04/09/2024 18:08:15;Alvo;1,408451;Left_Arm
2;04/09/2024 18:08:17;Alvo;1,408451;Right_Arm
2;04/09/2024 18:08:19;Alvo;1,408451;Left_Arm
2;04/09/2024 18:08:21;Alvo;1,408451;Right_Arm
2;04/09/2024 18:08:23;Alvo;1,408451;Left_Arm
2;04/09/2024 18:08:25;Alvo;1,408451;Right_Arm
2;04/09/2024 18:12:03;Alvo;25;Left_Arm
2;04/09/2024 18:12:05;Alvo;1,408451;Right_Arm
2;04/09/2024 18:12:07;Alvo;1,408451;Left_Arm
2;04/09/2024 18:12:09;Alvo;1,408451;Right_Arm
2;04/09/2024 18:12:11;Alvo;1,408451;Left_Arm
2;04/09/2024 18:12:13;Alvo;1,408451;Right_Arm
2;04/09/2024 18:12:15;Alvo;1,408451;Left_Arm
2;04/09/2024 18:12:37;Alvo;1,408451;Right_Arm
2;04/09/2024 18:12:39;Alvo;1,408451;Left_Arm
2;04/09/2024 18:12:41;Alvo;1,408451;Right_Arm
2;04/09/2024 18:13:46;Alvo;25;Left_Arm
2;04/09/2024 18:13:48;Alvo;1,408451;Right_Arm
2;04/09/2024 18:13:50;Alvo;1,408451;Left_Arm
2;04/09/2024 18:13:52;Alvo;1,408451;Right_Arm
2;04/09/2024 18:13:54;Alvo;1,408451;Left_Arm
2;04/09/2024 18:13:56;Alvo;1,408451;Right_Arm
2;04/09/2024 18:13:58;Alvo;1,408451;Left_Arm
2;04/09/2024 18:17:01;Alvo;1,408451;Right_Arm
2;04/09/2024 18:17:07;Alvo;1,408451;Left_Arm
2;04/09/2024 18:17:09;Alvo;1,408451;Right_Arm
2;04/09/2024 18:17:11;Alvo;1,408451;Left_Arm
2;04/09/2024 18:25:57;Alvo;25;Left_Arm
2;04/09/2024 18:25:59;Alvo;1,408451;Right_Arm
2;04/09/2024 18:26:01;Alvo;1,408451;Left_Arm
2;04/09/2024 18:26:03;Alvo;1,408451;Right_Arm
2;04/09/2024 18:26:05;Alvo;1,408451;Left_Arm
2;04/09/2024 18:26:07;Alvo;1,408451;Right_Arm
2;04/09/2024 18:26:09;Alvo;1,408451;Left_Arm
2;04/09/2024 18:26:10;Alvo;1,408451;Right_Arm
2;04/09/2024 18:26:11;Alvo;1,408451;Left_Arm
2;04/09/2024 18:26:17;Alvo;1,408451;Right_Arm
2;04/09/2024 18:26:19;Alvo;1,408451;Left_Arm
2;04/09/2024 18:26:21;Alvo;1,408451;Right_Arm
2;04/09/2024 18:26:23;Alvo;1,408451;Left_Arm
2;04/09/2024 18:26:25;Alvo;1,408451;Right_Arm
2;04/09/2024 18:26:27;Alvo;1,408451;Left_Arm
2;04/09/2024 18:26:29;Alvo;1,408451;Right_Arm
2;04/09/2024 18:26:31;Alvo;1,408451;Left_Arm
2;04/09/2024 18:26:32;Alvo;1,408451;Right_Arm
2;04/09/2024 18:26:34;Alvo;1,408451;Left_Arm
2;04/09/2024 18:26:44;Alvo;1,408451;Right_Arm
2;04/09/2024 18:26:46;Alvo;1,408451;Left_Arm
2;04/09/2024 18:26:48;Alvo;1,408451;Right_Arm
2;04/09/2024 18:26:50;Alvo;1,408451;Left_Arm
2;04/09/2024 18:34:11;Alvo;1,408451;Right_Arm
2;04/09/2024 18:34:23;Alvo;1,408451;Right_Arm
2;04/09/2024 18:34:29;Alvo;1,408451;Left_Arm
2;04/09/2024 18:34:35;Alvo;1,408451;Right_Arm
2;04/09/2024 18:34:41;Alvo;1,408451;Left_Arm
2;04/09/2024 18:34:47;Alvo;1,408451;Right_Arm
2;04/09/2024 18:34:53;Alvo;1,408451;Left_Arm
2;04/09/2024 18:34:59;Alvo;1,408451;Right_Arm
2;04/09/2024 18:35:05;Alvo;1,408451;Left_Arm
2;04/09/2024 18:35:11;Alvo;1,408451;Right_Arm
2;04/09/2024 18:35:20;Alvo;1,408451;Left_Arm
2;04/09/2024 18:35:22;Alvo;1,408451;Right_Arm
2;04/09/2024 18:35:26;Alvo;1,408451;Right_Arm
2;04/09/2024 18:35:28;Alvo;1,408451;Left_Arm
2;04/09/2024 18:35:30;Alvo;1,408451;Right_Arm
2;04/09/2024 18:35:32;Alvo;1,408451;Left_Arm
2;04/09/2024 18:35:34;Alvo;1,408451;Right_Arm
2;04/09/2024 18:35:36;Alvo;1,408451;Left_Arm
2;04/09/2024 18:35:37;Alvo;1,408451;Right_Arm
2;04/09/2024 18:35:39;Alvo;1,408451;Left_Arm
2;04/09/2024 18:35:40;Alvo;1,408451;Right_Arm
2;04/09/2024 18:35:42;Alvo;1,408451;Left_Arm
2;04/09/2024 18:35:44;Alvo;1,408451;Right_Arm
2;04/09/2024 18:35:46;Alvo;1,408451;Left_Arm
2;04/09/2024 18:35:48;Alvo;1,408451;Right_Arm
2;04/09/2024 18:35:50;Surpresa;1,408451;Left_Foot
2;04/09/2024 18:35:51;Alvo;1,408451;Left_Arm
2;04/09/2024 18:35:53;Alvo;1,408451;Right_Arm
2;04/09/2024 18:35:55;Alvo;1,408451;Left_Arm
2;04/09/2024 18:35:57;Alvo;1,408451;Right_Arm
2;04/09/2024 18:35:59;Alvo;1,408451;Left_Arm
2;04/09/2024 18:36:01;Alvo;1,408451;Right_Arm
2;04/09/2024 18:36:05;Alvo;1,408451;Right_Arm
2;04/09/2024 18:36:07;Alvo;1,408451;Left_Arm
2;04/09/2024 18:39:19;Alvo;25;Left_Arm
2;04/09/2024 18:39:21;Alvo;1,408451;Right_Arm
2;04/09/2024 18:39:23;Alvo;1,408451;Left_Arm
2;04/09/2024 18:39:25;Alvo;1,408451;Right_Arm
2;04/09/2024 18:39:27;Alvo;1,408451;Left_Arm
2;04/09/2024 18:39:29;Alvo;1,408451;Right_Arm
2;04/09/2024 18:39:31;Alvo;1,408451;Left_Arm
2;04/09/2024 18:39:32;Alvo;1,408451;Right_Arm
2;04/09/2024 18:39:34;Alvo;1,408451;Left_Arm
2;04/09/2024 18:39:41;Alvo;1,408451;Left_Arm
2;04/09/2024 18:39:43;Alvo;1,408451;Right_Arm
2;04/09/2024 18:39:45;Alvo;1,408451;Left_Arm
2;04/09/2024 18:39:47;Alvo;1,408451;Right_Arm
2;04/09/2024 18:39:49;Alvo;1,408451;Left_Arm
2;04/09/2024 18:39:51;Alvo;1,408451;Right_Arm
2;04/09/2024 18:39:53;Alvo;1,408451;Left_Arm
2;04/09/2024 18:39:54;Alvo;1,408451;Right_Arm
2;04/09/2024 18:39:56;Alvo;1,408451;Left_Arm
2;04/09/2024 18:40:02;Alvo;1,408451;Right_Arm
2;04/09/2024 18:40:05;Alvo;1,408451;Left_Arm
2;04/09/2024 18:40:07;Alvo;1,408451;Right_Arm
2;04/09/2024 18:40:09;Alvo;1,408451;Left_Arm
2;04/09/2024 18:40:11;Alvo;1,408451;Right_Arm
2;04/09/2024 18:40:13;Alvo;1,408451;Left_Arm
2;04/09/2024 18:40:23;Alvo;1,408451;Right_Arm
3;04/09/2024 18:41:54;Alvo;1,408451;Left_Arm
3;04/09/2024 18:42:04;Alvo;1,408451;Right_Arm
3;04/09/2024 18:42:14;Alvo;1,408451;Left_Arm
3;04/09/2024 18:42:24;Alvo;1,408451;Right_Arm
3;04/09/2024 18:42:34;Alvo;1,408451;Left_Arm
3;04/09/2024 18:42:44;Alvo;1,408451;Right_Arm
3;04/09/2024 18:42:54;Alvo;1,408451;Left_Arm
3;04/09/2024 18:43:34;Alvo;1,408451;Right_Foot
3;04/09/2024 18:43:44;Alvo;1,408451;Left_Arm
3;04/09/2024 18:44:13;Alvo;1,408451;Right_Arm
3;04/09/2024 18:44:43;Alvo;1,408451;Left_Arm
3;04/09/2024 18:44:53;Alvo;1,408451;Right_Arm
3;04/09/2024 18:45:03;Alvo;1,408451;Left_Arm
3;04/09/2024 18:45:13;Surpresa;1,408451;Left_Arm
3;04/09/2024 18:45:33;Alvo;1,408451;Left_Arm
2;05/09/2024 13:35:11;Alvo;1,408451;Right_Arm
2;05/09/2024 13:35:13;Alvo;1,408451;Left_Arm
2;05/09/2024 13:35:19;Alvo;1,408451;Right_Arm
2;05/09/2024 13:35:21;Alvo;1,408451;Left_Arm
2;05/09/2024 13:35:36;Alvo;1,408451;Right_Arm
2;05/09/2024 13:35:38;Alvo;1,408451;Left_Arm
2;05/09/2024 13:35:44;Alvo;1,408451;Right_Arm
2;05/09/2024 13:35:46;Alvo;1,408451;Left_Arm
2;05/09/2024 13:36:00;Alvo;1,408451;Right_Arm
2;05/09/2024 13:36:02;Alvo;1,408451;Left_Arm
2;05/09/2024 13:36:08;Alvo;1,408451;Right_Arm
2;05/09/2024 13:36:10;Alvo;1,408451;Left_Arm
2;05/09/2024 13:36:24;Alvo;1,408451;Right_Arm
2;05/09/2024 13:36:26;Alvo;1,408451;Left_Arm
2;05/09/2024 13:36:32;Alvo;1,408451;Right_Arm
2;05/09/2024 13:36:34;Alvo;1,408451;Left_Arm
2;05/09/2024 13:36:48;Alvo;1,408451;Right_Arm
2;05/09/2024 13:36:50;Alvo;1,408451;Left_Arm
2;05/09/2024 13:36:56;Alvo;1,408451;Right_Arm
2;05/09/2024 13:36:58;Alvo;1,408451;Left_Arm
2;05/09/2024 13:37:04;Surpresa;1,408451;Right_Arm
2;05/09/2024 13:37:14;Alvo;1,408451;Right_Arm
2;05/09/2024 13:37:16;Alvo;1,408451;Left_Arm
2;05/09/2024 13:37:22;Alvo;1,408451;Right_Arm
2;05/09/2024 13:37:24;Alvo;1,408451;Left_Arm
2;05/09/2024 13:37:38;Alvo;1,408451;Right_Arm
2;05/09/2024 13:37:40;Alvo;1,408451;Left_Arm
2;05/09/2024 13:37:46;Alvo;1,408451;Right_Arm
2;05/09/2024 13:37:48;Alvo;1,408451;Left_Arm
2;05/09/2024 13:38:02;Alvo;1,408451;Right_Arm
2;05/09/2024 13:38:04;Alvo;1,408451;Left_Arm
2;05/09/2024 13:38:10;Alvo;1,408451;Right_Arm
2;05/09/2024 13:38:12;Alvo;1,408451;Left_Arm
2;05/09/2024 13:38:26;Alvo;1,408451;Right_Arm
2;05/09/2024 13:38:28;Alvo;1,408451;Left_Arm
2;05/09/2024 13:38:34;Alvo;1,408451;Right_Arm
2;05/09/2024 13:38:36;Alvo;1,408451;Left_Arm
2;05/09/2024 13:38:50;Alvo;1,408451;Right_Arm
2;05/09/2024 13:38:52;Alvo;1,408451;Left_Arm
2;05/09/2024 13:39:00;Alvo;1,408451;Right_Arm
2;05/09/2024 13:39:02;Alvo;1,408451;Left_Arm
2;05/09/2024 13:39:16;Alvo;1,408451;Right_Arm
2;05/09/2024 13:39:17;Alvo;1,408451;Left_Arm
2;05/09/2024 13:39:30;Alvo;1,408451;Right_Arm
2;05/09/2024 13:39:36;Alvo;1,408451;Left_Arm
2;05/09/2024 13:50:56;Alvo;1,408451;Right_Arm
2;05/09/2024 13:50:58;Alvo;1,408451;Left_Arm
2;05/09/2024 13:51:04;Alvo;1,408451;Right_Arm
2;05/09/2024 13:51:06;Alvo;1,408451;Left_Arm
2;05/09/2024 13:51:20;Alvo;1,408451;Right_Arm
2;05/09/2024 13:51:22;Alvo;1,408451;Left_Arm
2;05/09/2024 13:51:28;Alvo;1,408451;Right_Arm
2;05/09/2024 13:51:30;Alvo;1,408451;Left_Arm
2;05/09/2024 13:51:45;Alvo;1,408451;Right_Arm
2;05/09/2024 13:51:47;Alvo;1,408451;Left_Arm
2;05/09/2024 13:51:53;Alvo;1,408451;Right_Arm
2;05/09/2024 13:51:55;Alvo;1,408451;Left_Arm
2;05/09/2024 13:52:09;Alvo;1,408451;Right_Arm
2;05/09/2024 13:52:11;Alvo;1,408451;Left_Arm
2;05/09/2024 13:52:17;Alvo;1,408451;Right_Arm
2;05/09/2024 13:52:19;Alvo;1,408451;Left_Arm
2;05/09/2024 13:55:35;Alvo;1,408451;Right_Arm
2;05/09/2024 13:55:37;Alvo;1,408451;Left_Arm
2;05/09/2024 13:55:43;Alvo;1,408451;Right_Arm
2;05/09/2024 13:55:45;Alvo;1,408451;Left_Arm
2;05/09/2024 13:55:59;Alvo;1,408451;Right_Arm
2;05/09/2024 13:56:01;Alvo;1,408451;Left_Arm
2;05/09/2024 13:56:07;Alvo;1,408451;Right_Arm
2;05/09/2024 13:56:09;Alvo;1,408451;Left_Arm
2;05/09/2024 13:56:23;Alvo;1,408451;Right_Arm
2;05/09/2024 13:56:25;Alvo;1,408451;Left_Arm
2;05/09/2024 13:56:31;Alvo;1,408451;Right_Arm
2;05/09/2024 13:56:33;Alvo;1,408451;Left_Arm
2;05/09/2024 13:56:47;Alvo;1,408451;Right_Arm
2;05/09/2024 13:56:49;Alvo;1,408451;Left_Arm
2;05/09/2024 13:56:55;Alvo;1,408451;Right_Arm
2;05/09/2024 13:56:57;Alvo;1,408451;Left_Arm
2;05/09/2024 14:06:40;Alvo;1,408451;Right_Arm
2;05/09/2024 14:06:42;Alvo;1,408451;Left_Arm
2;05/09/2024 14:06:48;Alvo;1,408451;Right_Arm
2;05/09/2024 14:06:51;Alvo;1,408451;Left_Arm
2;05/09/2024 14:07:05;Alvo;1,408451;Right_Arm
2;05/09/2024 14:07:07;Alvo;1,408451;Left_Arm
2;05/09/2024 14:07:13;Alvo;1,408451;Right_Arm
2;05/09/2024 14:07:15;Alvo;1,408451;Left_Arm
2;05/09/2024 14:07:29;Alvo;1,408451;Right_Arm
2;05/09/2024 14:07:31;Alvo;1,408451;Left_Arm
2;05/09/2024 14:07:37;Alvo;1,408451;Right_Arm
2;05/09/2024 14:07:39;Alvo;1,408451;Left_Arm
2;05/09/2024 14:23:22;Alvo;25;Left_Arm
2;05/09/2024 14:23:24;Alvo;1,408451;Right_Arm
2;05/09/2024 14:23:26;Alvo;1,408451;Left_Arm
2;05/09/2024 14:23:28;Alvo;1,408451;Right_Arm
2;05/09/2024 14:23:30;Alvo;1,408451;Left_Arm
2;05/09/2024 14:23:32;Alvo;1,408451;Right_Arm
2;05/09/2024 14:23:34;Alvo;1,408451;Left_Arm
2;05/09/2024 14:23:35;Alvo;1,408451;Right_Arm
2;05/09/2024 14:23:36;Alvo;1,408451;Left_Arm
2;05/09/2024 14:23:38;Alvo;1,408451;Right_Arm
2;05/09/2024 14:23:40;Alvo;1,408451;Left_Arm
2;05/09/2024 14:23:42;Alvo;1,408451;Right_Arm
2;05/09/2024 14:23:44;Alvo;1,408451;Left_Arm
2;05/09/2024 14:23:46;Alvo;1,408451;Right_Arm
2;05/09/2024 14:23:47;Alvo;1,408451;Left_Arm
2;05/09/2024 14:23:49;Alvo;1,408451;Right_Arm
2;05/09/2024 14:23:51;Alvo;1,408451;Left_Arm
2;05/09/2024 14:23:53;Alvo;1,408451;Right_Arm
2;05/09/2024 14:23:55;Alvo;1,408451;Left_Arm
2;05/09/2024 14:23:57;Alvo;1,408451;Right_Arm
2;05/09/2024 14:23:59;Alvo;1,408451;Left_Arm
2;05/09/2024 14:24:02;Alvo;1,408451;Right_Arm
2;05/09/2024 14:24:04;Alvo;1,408451;Left_Arm
2;05/09/2024 14:26:43;Alvo;1,408451;Left_Foot
2;05/09/2024 14:27:04;Alvo;1,408451;Left_Arm
2;05/09/2024 14:27:41;Alvo;1,408451;Left_Arm
2;05/09/2024 14:27:47;Alvo;1,408451;Right_Arm
2;05/09/2024 14:27:53;Alvo;1,408451;Left_Arm
2;05/09/2024 14:27:59;Alvo;1,408451;Right_Arm
2;05/09/2024 14:28:05;Alvo;1,408451;Left_Arm
2;05/09/2024 14:28:11;Surpresa;1,408451;Right_Foot
2;05/09/2024 14:28:17;Alvo;1,408451;Right_Arm
2;05/09/2024 14:28:23;Alvo;1,408451;Left_Arm
2;05/09/2024 14:28:28;Alvo;1,408451;Right_Arm
2;05/09/2024 14:28:34;Alvo;1,408451;Left_Arm
2;05/09/2024 14:28:40;Alvo;1,408451;Right_Arm
2;05/09/2024 14:28:46;Alvo;1,408451;Left_Arm
2;05/09/2024 14:38:58;Alvo;25;Left_Arm
2;05/09/2024 14:46:04;Alvo;25;Left_Arm
2;05/09/2024 14:46:06;Alvo;1,408451;Right_Arm
2;05/09/2024 14:46:08;Alvo;1,408451;Left_Arm
2;05/09/2024 14:46:10;Alvo;1,408451;Right_Arm
2;05/09/2024 14:46:12;Alvo;1,408451;Left_Arm
2;05/09/2024 14:46:14;Alvo;1,408451;Right_Arm
2;05/09/2024 14:46:16;Alvo;1,408451;Left_Arm
2;05/09/2024 14:46:18;Alvo;1,408451;Right_Arm
2;05/09/2024 14:46:19;Alvo;1,408451;Left_Arm
2;05/09/2024 14:46:20;Alvo;1,408451;Right_Arm
2;05/09/2024 14:46:22;Alvo;1,408451;Left_Arm
2;05/09/2024 14:46:25;Alvo;1,408451;Right_Arm
2;05/09/2024 14:46:27;Alvo;1,408451;Left_Arm
2;05/09/2024 14:46:29;Alvo;1,408451;Right_Arm
2;05/09/2024 14:46:30;Alvo;1,408451;Left_Arm
2;05/09/2024 14:46:32;Alvo;1,408451;Right_Arm
2;05/09/2024 14:46:34;Alvo;1,408451;Left_Arm
2;05/09/2024 14:46:36;Alvo;1,408451;Right_Arm
2;05/09/2024 14:46:38;Alvo;1,408451;Left_Arm
2;05/09/2024 14:46:40;Alvo;1,408451;Right_Arm
2;05/09/2024 14:46:42;Alvo;1,408451;Left_Arm
2;05/09/2024 14:46:44;Alvo;1,408451;Right_Arm
2;05/09/2024 14:46:47;Alvo;1,408451;Left_Arm
2;05/09/2024 14:46:57;Alvo;1,408451;Right_Arm
2;05/09/2024 14:47:07;Alvo;1,408451;Left_Arm
2;05/09/2024 14:47:17;Alvo;1,408451;Right_Arm
2;05/09/2024 14:47:27;Alvo;1,408451;Left_Arm
2;05/09/2024 14:47:37;Alvo;1,408451;Right_Arm
2;05/09/2024 14:47:56;Alvo;1,408451;Left_Arm
2;05/09/2024 14:48:06;Alvo;1,408451;Right_Arm
2;05/09/2024 14:48:16;Alvo;1,408451;Left_Arm
2;05/09/2024 14:48:36;Alvo;1,408451;Left_Arm
2;05/09/2024 14:48:46;Alvo;1,408451;Right_Foot
2;05/09/2024 14:48:56;Alvo;1,408451;Left_Arm
2;05/09/2024 14:49:08;Alvo;1,408451;Right_Arm
2;05/09/2024 14:49:15;Alvo;1,408451;Left_Arm
2;05/09/2024 14:49:20;Alvo;1,408451;Right_Arm
2;05/09/2024 14:49:26;Alvo;1,408451;Left_Arm
2;05/09/2024 14:49:32;Alvo;1,408451;Right_Arm
2;05/09/2024 14:49:39;Surpresa;1,408451;Right_Arm
2;05/09/2024 14:49:45;Alvo;1,408451;Left_Arm
2;05/09/2024 14:49:50;Alvo;1,408451;Right_Arm
2;05/09/2024 14:49:55;Alvo;1,408451;Left_Arm
2;05/09/2024 14:50:01;Alvo;1,408451;Right_Arm
2;05/09/2024 14:50:07;Alvo;1,408451;Left_Arm
2;05/09/2024 14:50:13;Alvo;1,408451;Right_Foot
2;05/09/2024 14:50:19;Alvo;1,408451;Left_Arm
2;05/09/2024 14:50:25;Alvo;1,408451;Right_Arm
2;05/09/2024 14:50:31;Alvo;1,408451;Left_Arm
2;05/09/2024 14:50:36;Alvo;1,408451;Right_Arm
2;05/09/2024 14:50:42;Alvo;1,408451;Left_Arm
2;05/09/2024 14:50:48;Alvo;1,408451;Right_Arm
2;05/09/2024 14:50:54;Alvo;1,408451;Left_Arm
3;05/09/2024 14:51:17;Alvo;25;Head
2;05/09/2024 15:15:00;Alvo;25;Left_Arm
2;05/09/2024 15:15:03;Alvo;1,408451;Right_Arm
2;05/09/2024 15:27:21;Alvo;25;Left_Foot
2;05/09/2024 15:27:25;Alvo;1,408451;Right_Arm
2;05/09/2024 15:55:13;Alvo;25;Left_Arm
2;05/09/2024 15:55:15;Alvo;1,408451;Right_Arm
2;05/09/2024 15:55:17;Alvo;1,408451;Left_Arm
2;05/09/2024 15:55:19;Alvo;1,408451;Right_Arm
2;05/09/2024 15:55:21;Alvo;1,408451;Left_Arm
2;05/09/2024 15:55:23;Alvo;1,408451;Right_Arm
2;05/09/2024 15:55:25;Alvo;1,408451;Left_Arm
2;05/09/2024 15:55:28;Alvo;1,408451;Left_Arm
2;05/09/2024 15:55:30;Alvo;1,408451;Right_Arm
2;05/09/2024 15:55:32;Alvo;1,408451;Left_Arm
2;05/09/2024 15:55:34;Alvo;1,408451;Right_Arm
2;05/09/2024 15:55:36;Alvo;1,408451;Left_Arm
2;05/09/2024 15:55:38;Alvo;1,408451;Right_Arm
2;05/09/2024 15:55:39;Alvo;1,408451;Left_Arm
2;05/09/2024 15:55:41;Alvo;1,408451;Right_Arm
2;05/09/2024 15:55:43;Alvo;1,408451;Left_Arm
2;05/09/2024 15:55:45;Alvo;1,408451;Right_Arm
2;05/09/2024 15:55:47;Alvo;1,408451;Left_Arm
2;05/09/2024 15:55:49;Alvo;1,408451;Right_Arm
2;05/09/2024 15:55:51;Alvo;1,408451;Left_Arm
2;05/09/2024 15:55:53;Alvo;1,408451;Right_Arm
2;05/09/2024 15:55:56;Alvo;1,408451;Left_Arm
2;05/09/2024 16:14:15;Alvo;25;Right_Foot
2;05/09/2024 16:15:25;Alvo;25;Left_Arm
2;05/09/2024 16:15:27;Alvo;1,408451;Right_Arm
2;05/09/2024 16:15:29;Alvo;1,408451;Left_Arm
2;05/09/2024 16:15:31;Alvo;1,408451;Right_Arm
2;05/09/2024 16:15:33;Alvo;1,408451;Left_Arm
2;05/09/2024 16:15:35;Alvo;1,408451;Right_Arm
2;05/09/2024 16:15:37;Alvo;1,408451;Left_Arm
2;05/09/2024 16:15:38;Alvo;1,408451;Right_Arm
2;05/09/2024 16:15:40;Alvo;1,408451;Left_Arm
2;05/09/2024 16:15:41;Alvo;1,408451;Right_Arm
2;05/09/2024 16:15:43;Alvo;1,408451;Left_Arm
2;05/09/2024 16:15:45;Alvo;1,408451;Right_Arm
2;05/09/2024 16:15:47;Alvo;1,408451;Left_Arm
2;05/09/2024 16:15:49;Alvo;1,408451;Right_Arm
2;05/09/2024 16:15:51;Alvo;1,408451;Left_Arm
2;05/09/2024 16:15:52;Alvo;1,408451;Right_Arm
2;05/09/2024 16:15:54;Alvo;1,408451;Left_Arm
2;05/09/2024 16:15:56;Alvo;1,408451;Right_Arm
2;05/09/2024 16:15:59;Alvo;1,408451;Left_Arm
2;05/09/2024 16:16:00;Alvo;1,408451;Right_Arm
2;05/09/2024 16:16:02;Alvo;1,408451;Left_Arm
2;05/09/2024 16:32:59;Alvo;1,408451;Right_Arm
2;06/09/2024 16:57:45;Alvo;1,408451;Right_Arm
2;06/09/2024 16:57:47;Alvo;1,408451;Left_Arm
2;10/09/2024 14:24:19;Alvo;1,408451;Right_Arm
2;10/09/2024 14:24:21;Alvo;1,408451;Left_Arm
2;10/09/2024 14:39:14;Alvo;1,408451;Right_Arm
2;10/09/2024 14:39:16;Alvo;1,408451;Left_Arm
2;10/09/2024 14:39:22;Alvo;1,408451;Right_Arm
2;10/09/2024 14:39:24;Alvo;1,408451;Left_Arm
2;10/09/2024 14:47:49;Alvo;1,408451;Right_Arm
2;10/09/2024 14:47:51;Alvo;1,408451;Left_Arm
2;10/09/2024 14:47:57;Alvo;1,408451;Right_Arm
2;10/09/2024 14:47:59;Alvo;1,408451;Left_Arm
2;10/09/2024 14:48:13;Alvo;1,408451;Right_Arm
2;10/09/2024 14:48:15;Alvo;1,408451;Left_Arm
2;10/09/2024 14:48:21;Alvo;1,408451;Right_Arm
2;10/09/2024 14:48:23;Alvo;1,408451;Left_Arm
2;10/09/2024 14:48:37;Alvo;1,408451;Right_Arm
2;10/09/2024 14:48:39;Alvo;1,408451;Left_Arm
2;10/09/2024 14:48:45;Alvo;1,408451;Right_Arm
2;10/09/2024 14:48:47;Alvo;1,408451;Left_Arm
2;10/09/2024 14:49:01;Alvo;1,408451;Right_Arm
2;10/09/2024 14:49:03;Alvo;1,408451;Left_Arm
2;10/09/2024 14:49:09;Alvo;1,408451;Right_Arm
2;10/09/2024 14:49:11;Alvo;1,408451;Left_Arm
2;10/09/2024 14:49:27;Alvo;1,408451;Right_Arm
2;10/09/2024 14:49:29;Alvo;1,408451;Left_Arm
2;10/09/2024 14:49:35;Alvo;1,408451;Right_Arm
2;10/09/2024 14:49:37;Alvo;1,408451;Left_Arm
2;10/09/2024 14:49:51;Alvo;1,408451;Right_Arm
2;10/09/2024 14:49:53;Alvo;1,408451;Left_Arm
2;10/09/2024 14:49:59;Alvo;1,408451;Right_Arm
2;10/09/2024 14:50:02;Alvo;1,408451;Left_Arm
2;10/09/2024 14:50:16;Alvo;1,408451;Right_Arm
2;10/09/2024 14:50:18;Alvo;1,408451;Left_Arm
2;10/09/2024 14:59:15;Alvo;1,408451;Right_Arm
2;10/09/2024 14:59:17;Alvo;1,408451;Left_Arm
2;10/09/2024 14:59:23;Alvo;1,408451;Right_Arm
2;10/09/2024 14:59:25;Alvo;1,408451;Left_Arm
2;10/09/2024 15:00:40;Alvo;1,408451;Right_Arm
2;10/09/2024 15:00:42;Alvo;1,408451;Left_Arm
2;10/09/2024 15:01:09;Alvo;1,408451;Right_Arm
2;10/09/2024 15:01:11;Alvo;1,408451;Left_Arm
2;10/09/2024 15:01:52;Alvo;1,408451;Right_Arm
2;10/09/2024 15:01:54;Alvo;1,408451;Left_Arm
2;10/09/2024 15:02:00;Alvo;1,408451;Right_Arm
2;10/09/2024 15:02:02;Alvo;1,408451;Left_Arm
2;10/09/2024 15:02:16;Alvo;1,408451;Right_Arm
2;10/09/2024 15:02:18;Alvo;1,408451;Left_Arm
2;10/09/2024 15:02:24;Alvo;1,408451;Right_Arm
2;10/09/2024 15:02:26;Alvo;1,408451;Left_Arm
2;10/09/2024 15:02:40;Alvo;1,408451;Right_Arm
2;10/09/2024 15:02:42;Alvo;1,408451;Left_Arm
2;10/09/2024 15:02:48;Alvo;1,408451;Right_Arm
2;10/09/2024 15:02:50;Alvo;1,408451;Left_Arm
2;10/09/2024 15:44:50;Alvo;1,408451;Right_Arm
2;10/09/2024 15:44:52;Alvo;1,408451;Left_Arm
2;10/09/2024 15:44:58;Alvo;1,408451;Right_Arm
2;10/09/2024 15:45:00;Alvo;1,408451;Left_Arm
2;10/09/2024 15:45:14;Alvo;1,408451;Right_Arm
2;10/09/2024 15:45:16;Alvo;1,408451;Left_Arm
2;10/09/2024 15:50:13;Alvo;1,408451;Right_Arm
2;10/09/2024 15:50:15;Alvo;1,408451;Left_Arm
2;10/09/2024 15:50:21;Alvo;1,408451;Right_Arm
2;10/09/2024 15:50:23;Alvo;1,408451;Left_Arm
2;10/09/2024 15:50:37;Alvo;1,408451;Right_Arm
2;10/09/2024 15:50:39;Alvo;1,408451;Left_Arm
2;10/09/2024 15:50:45;Alvo;1,408451;Right_Arm
2;10/09/2024 15:50:47;Alvo;1,408451;Left_Arm
2;10/09/2024 15:51:01;Alvo;1,408451;Right_Arm
2;10/09/2024 15:51:03;Alvo;1,408451;Left_Arm
2;10/09/2024 15:51:09;Alvo;1,408451;Right_Arm
2;10/09/2024 15:51:11;Alvo;1,408451;Left_Arm
2;10/09/2024 15:51:25;Alvo;1,408451;Right_Arm
2;10/09/2024 15:51:27;Alvo;1,408451;Left_Arm
2;10/09/2024 15:51:33;Alvo;1,408451;Right_Arm
2;10/09/2024 15:51:35;Alvo;1,408451;Left_Arm
2;10/09/2024 15:57:08;Alvo;1,408451;Right_Arm
2;10/09/2024 15:57:10;Alvo;1,408451;Left_Arm
2;10/09/2024 15:57:16;Alvo;1,408451;Right_Arm
2;10/09/2024 15:57:18;Alvo;1,408451;Left_Arm
2;10/09/2024 15:57:32;Alvo;1,408451;Right_Arm
2;10/09/2024 15:57:34;Alvo;1,408451;Left_Arm
2;10/09/2024 15:57:40;Alvo;1,408451;Right_Arm
2;10/09/2024 15:57:42;Alvo;1,408451;Left_Arm
2;10/09/2024 15:57:57;Alvo;1,408451;Right_Arm
2;10/09/2024 15:57:59;Alvo;1,408451;Left_Arm
2;10/09/2024 16:04:39;Alvo;1,408451;Right_Arm
2;10/09/2024 16:04:43;Alvo;1,408451;Left_Arm
2;10/09/2024 16:04:49;Alvo;1,408451;Right_Arm
2;10/09/2024 16:04:51;Alvo;1,408451;Left_Arm
2;10/09/2024 16:05:05;Alvo;1,408451;Right_Arm
2;10/09/2024 16:05:07;Alvo;1,408451;Left_Arm
2;10/09/2024 16:05:13;Alvo;1,408451;Right_Arm
2;10/09/2024 16:05:15;Alvo;1,408451;Left_Arm
2;10/09/2024 16:05:29;Alvo;1,408451;Right_Arm
2;10/09/2024 16:05:31;Alvo;1,408451;Left_Arm
2;10/09/2024 16:05:37;Alvo;1,408451;Right_Arm
2;10/09/2024 16:05:39;Alvo;1,408451;Left_Arm
2;10/09/2024 16:05:53;Alvo;1,408451;Right_Arm
2;10/09/2024 16:05:55;Alvo;1,408451;Left_Arm
2;10/09/2024 16:06:01;Alvo;1,408451;Right_Arm
2;10/09/2024 16:06:03;Alvo;1,408451;Left_Arm
2;10/09/2024 16:06:17;Alvo;1,408451;Right_Arm
2;10/09/2024 16:06:21;Alvo;1,408451;Left_Arm
2;10/09/2024 16:06:27;Alvo;1,408451;Right_Arm
2;10/09/2024 16:06:29;Alvo;1,408451;Left_Arm
2;10/09/2024 16:06:43;Alvo;1,408451;Right_Arm
2;10/09/2024 16:06:45;Alvo;1,408451;Left_Arm
2;10/09/2024 16:17:45;Alvo;1,408451;Right_Arm
2;10/09/2024 16:17:47;Alvo;1,408451;Left_Arm
2;10/09/2024 16:17:53;Alvo;1,408451;Right_Arm
2;10/09/2024 16:17:55;Alvo;1,408451;Left_Arm
2;10/09/2024 16:55:10;Alvo;1,408451;Right_Arm
2;10/09/2024 16:55:13;Alvo;1,408451;Left_Arm
2;10/09/2024 16:55:19;Alvo;1,408451;Right_Arm
2;10/09/2024 16:55:21;Alvo;1,408451;Left_Arm
2;10/09/2024 17:20:25;Alvo;1,408451;Right_Arm
2;10/09/2024 17:34:58;Alvo;1,408451;Right_Arm
2;10/09/2024 17:35:00;Alvo;1,408451;Left_Arm
2;10/09/2024 17:35:06;Alvo;1,408451;Right_Arm
2;10/09/2024 17:35:08;Alvo;1,408451;Left_Arm
2;10/09/2024 17:35:22;Alvo;1,408451;Right_Arm
2;10/09/2024 17:35:29;Alvo;1,408451;Left_Arm
2;10/09/2024 17:35:36;Alvo;1,408451;Right_Arm
2;10/09/2024 17:35:38;Alvo;1,408451;Left_Arm
2;10/09/2024 17:38:53;Alvo;1,408451;Right_Arm
2;10/09/2024 17:38:55;Alvo;1,408451;Left_Arm
2;10/09/2024 17:39:01;Alvo;1,408451;Right_Arm
2;10/09/2024 17:39:03;Alvo;1,408451;Left_Arm
2;10/09/2024 17:41:33;Alvo;25;Left_Arm
2;10/09/2024 17:41:35;Alvo;1,408451;Right_Arm
2;10/09/2024 17:41:37;Alvo;1,408451;Left_Arm
2;10/09/2024 17:41:39;Alvo;1,408451;Right_Arm
2;10/09/2024 17:41:41;Alvo;1,408451;Left_Arm
2;10/09/2024 17:41:43;Alvo;1,408451;Right_Arm
2;10/09/2024 17:41:45;Alvo;1,408451;Left_Arm
2;10/09/2024 17:41:46;Alvo;1,408451;Right_Arm
2;10/09/2024 17:41:48;Alvo;1,408451;Left_Arm
2;10/09/2024 17:41:49;Alvo;1,408451;Right_Arm
2;10/09/2024 17:41:51;Alvo;1,408451;Left_Arm
2;10/09/2024 17:41:53;Alvo;1,408451;Right_Arm
2;10/09/2024 17:41:55;Alvo;1,408451;Left_Arm
2;10/09/2024 17:41:57;Alvo;1,408451;Right_Arm
2;10/09/2024 17:41:59;Alvo;1,408451;Left_Arm
2;10/09/2024 17:42:00;Alvo;1,408451;Right_Arm
2;10/09/2024 17:42:02;Alvo;1,408451;Left_Arm
2;10/09/2024 17:42:04;Alvo;1,408451;Right_Arm
2;10/09/2024 17:42:06;Alvo;1,408451;Left_Arm
2;10/09/2024 17:42:08;Alvo;1,408451;Right_Arm
2;10/09/2024 17:42:10;Alvo;1,408451;Left_Arm
2;10/09/2024 17:42:13;Alvo;1,408451;Right_Arm
2;10/09/2024 17:42:15;Alvo;1,408451;Left_Arm
2;10/09/2024 17:42:25;Alvo;1,408451;Right_Arm
2;10/09/2024 17:42:35;Alvo;1,408451;Left_Arm
2;10/09/2024 17:42:45;Alvo;1,408451;Right_Arm
2;10/09/2024 17:42:55;Alvo;1,408451;Left_Arm
2;10/09/2024 17:43:05;Surpresa;1,408451;Left_Arm
2;10/09/2024 17:43:15;Alvo;1,408451;Right_Arm
2;10/09/2024 17:44:58;Alvo;1,408451;Left_Arm
2;10/09/2024 17:45:00;Alvo;1,408451;Right_Arm
2;10/09/2024 17:48:38;Alvo;25;Left_Arm
2;10/09/2024 17:48:40;Alvo;1,408451;Right_Arm
2;10/09/2024 17:48:42;Alvo;1,408451;Left_Arm
3;10/09/2024 17:49:05;Alvo;25;Left_Foot
3;10/09/2024 17:49:13;Alvo;1,408451;Right_Foot
2;10/09/2024 17:52:37;Alvo;25;Left_Arm
2;10/09/2024 17:52:41;Alvo;1,408451;Left_Arm
2;10/09/2024 17:52:43;Alvo;1,408451;Right_Arm
2;10/09/2024 17:52:47;Alvo;1,408451;Right_Arm
2;10/09/2024 17:52:49;Alvo;1,408451;Left_Arm
2;10/09/2024 17:52:51;Alvo;1,408451;Right_Arm
2;10/09/2024 17:52:53;Alvo;1,408451;Left_Arm
2;10/09/2024 17:52:57;Alvo;1,408451;Head
2;10/09/2024 17:53:03;Alvo;1,408451;Left_Arm
2;10/09/2024 17:54:38;Alvo;1,408451;Head
3;10/09/2024 19:07:57;Alvo;25;Right_Arm
3;10/09/2024 19:07:59;Alvo;2,777778;Left_Arm
3;10/09/2024 19:08:04;Alvo;2,777778;Right_Arm
3;10/09/2024 19:08:06;Alvo;2,777778;Left_Arm
3;10/09/2024 19:08:07;Alvo;2,777778;Right_Arm
3;10/09/2024 19:08:09;Alvo;2,777778;Left_Arm
3;10/09/2024 19:08:12;Alvo;2,777778;Left_Arm
3;10/09/2024 19:08:17;Alvo;2,777778;Left_Foot
3;10/09/2024 19:08:18;Alvo;2,777778;Right_Arm
3;10/09/2024 19:08:20;Alvo;2,777778;Left_Arm
3;10/09/2024 19:08:25;Alvo;2,777778;Right_Arm
2;10/09/2024 19:20:44;Alvo;25;Right_Foot
2;10/09/2024 19:21:30;Alvo;25;Left_Arm
2;10/09/2024 19:21:32;Alvo;1,408451;Right_Arm
2;10/09/2024 19:21:34;Alvo;1,408451;Left_Arm
2;10/09/2024 19:21:36;Alvo;1,408451;Right_Arm
2;10/09/2024 19:21:38;Alvo;1,408451;Left_Arm
2;10/09/2024 19:21:40;Alvo;1,408451;Right_Arm
2;10/09/2024 19:21:42;Alvo;1,408451;Left_Arm
2;10/09/2024 19:23:55;Alvo;25;Right_Arm
2;10/09/2024 19:23:57;Alvo;8,333333;Left_Arm
2;10/09/2024 19:24:01;Alvo;8,333333;Right_Arm
2;10/09/2024 19:24:13;Alvo;8,333333;Left_Arm
2;10/09/2024 19:24:18;Alvo;8,333333;Right_Arm
2;10/09/2024 19:24:23;Alvo;8,333333;Left_Arm
2;10/09/2024 19:24:32;Obstaculo;8,333333;Right_Foot
2;10/09/2024 19:24:33;Obstaculo;8,333333;Left_Foot
2;10/09/2024 19:24:35;Alvo;8,333333;Left_Arm
2;10/09/2024 19:24:36;Alvo;8,333333;Right_Arm
2;10/09/2024 19:24:37;Alvo;8,333333;Right_Arm
2;10/09/2024 19:24:39;Alvo;8,333333;Left_Arm
2;10/09/2024 19:24:58;Alvo;8,333333;Right_Arm
2;10/09/2024 19:25:03;Alvo;8,333333;Left_Arm
2;10/09/2024 19:25:11;Alvo;8,333333;Right_Arm
2;10/09/2024 19:25:13;Alvo;8,333333;Left_Arm
2;10/09/2024 19:25:15;Alvo;8,333333;Left_Foot
2;10/09/2024 19:25:15;Obstaculo;8,333333;Left_Foot
2;10/09/2024 19:28:08;Alvo;25;Left_Arm
2;10/09/2024 19:28:11;Alvo;1,408451;Right_Arm
2;11/09/2024 17:15:45;Alvo;25;Right_Arm
2;11/09/2024 17:17:54;Alvo;25;Left_Arm
2;11/09/2024 17:17:56;Alvo;1,408451;Right_Arm
2;11/09/2024 17:17:59;Alvo;1,408451;Left_Arm
2;11/09/2024 17:18:11;Alvo;1,408451;Head
2;11/09/2024 17:41:55;Alvo;1,408451;Left_Arm
2;11/09/2024 17:49:08;Alvo;1,408451;Right_Arm
2;11/09/2024 17:49:11;Alvo;1,408451;Right_Arm
2;11/09/2024 17:49:15;Alvo;1,408451;Right_Arm
2;11/09/2024 17:49:17;Alvo;1,408451;Left_Arm
2;11/09/2024 17:49:19;Alvo;1,408451;Right_Arm
2;11/09/2024 17:50:32;Alvo;25;Left_Arm
2;11/09/2024 17:50:34;Alvo;1,408451;Right_Arm
2;11/09/2024 17:50:36;Alvo;1,408451;Left_Arm
2;11/09/2024 17:50:38;Alvo;1,408451;Right_Arm
2;11/09/2024 17:50:40;Alvo;1,408451;Left_Arm
2;11/09/2024 17:50:42;Alvo;1,408451;Right_Arm
2;11/09/2024 17:50:44;Alvo;1,408451;Left_Arm
2;11/09/2024 17:50:55;Alvo;1,408451;Right_Arm
2;11/09/2024 18:07:37;Alvo;8,333333;Left_Arm
2;11/09/2024 18:29:54;Alvo;25;Right_Arm
2;11/09/2024 18:29:56;Alvo;2,777778;Left_Arm
2;11/09/2024 18:30:01;Alvo;2,777778;Right_Arm
2;11/09/2024 18:30:03;Alvo;2,777778;Left_Arm
2;11/09/2024 18:30:04;Alvo;2,777778;Right_Arm
2;11/09/2024 18:30:06;Alvo;2,777778;Left_Arm
2;11/09/2024 18:30:11;Obstaculo;2,777778;Right_Arm
2;11/09/2024 18:30:17;Alvo;2,777778;Right_Arm
2;20/09/2024 15:27:10;Alvo;1,408451;Right_Arm
2;20/09/2024 15:27:12;Alvo;1,408451;Left_Arm
2;20/09/2024 15:27:18;Alvo;1,408451;Right_Arm
2;20/09/2024 15:27:20;Alvo;1,408451;Left_Arm
2;20/09/2024 15:27:34;Alvo;1,408451;Right_Arm
2;20/09/2024 15:27:36;Alvo;1,408451;Left_Arm
2;20/09/2024 15:27:42;Alvo;1,408451;Right_Arm
2;20/09/2024 15:27:44;Alvo;1,408451;Left_Arm
2;20/09/2024 15:27:58;Alvo;1,408451;Right_Arm
2;20/09/2024 15:28:00;Alvo;1,408451;Left_Arm
2;20/09/2024 15:28:06;Alvo;1,408451;Right_Arm
2;20/09/2024 15:28:08;Alvo;1,408451;Left_Arm
2;20/09/2024 15:28:22;Alvo;1,408451;Right_Arm
2;20/09/2024 15:28:24;Alvo;1,408451;Left_Arm
2;20/09/2024 15:30:23;Alvo;1,408451;Right_Arm
2;20/09/2024 15:30:25;Alvo;1,408451;Left_Arm
2;20/09/2024 15:30:31;Alvo;1,408451;Right_Arm
2;20/09/2024 15:30:33;Alvo;1,408451;Left_Arm
2;20/09/2024 15:30:47;Alvo;1,408451;Right_Arm
2;20/09/2024 15:30:49;Alvo;1,408451;Left_Arm
2;20/09/2024 15:30:55;Alvo;1,408451;Right_Arm
2;20/09/2024 15:30:57;Alvo;1,408451;Left_Arm
2;20/09/2024 15:40:17;Alvo;1,408451;Right_Arm
2;20/09/2024 15:40:19;Alvo;1,408451;Left_Arm
2;20/09/2024 15:40:25;Alvo;1,408451;Right_Arm
2;20/09/2024 15:40:27;Alvo;1,408451;Left_Arm
2;20/09/2024 15:40:41;Alvo;1,408451;Right_Arm
2;20/09/2024 15:40:43;Alvo;1,408451;Left_Arm
2;20/09/2024 15:40:49;Alvo;1,408451;Right_Arm
2;20/09/2024 15:40:51;Alvo;1,408451;Left_Arm
2;20/09/2024 15:41:29;Alvo;1,408451;Right_Arm
2;20/09/2024 15:41:31;Alvo;1,408451;Left_Arm
2;20/09/2024 15:41:37;Alvo;1,408451;Right_Arm
2;20/09/2024 15:41:39;Alvo;1,408451;Left_Arm
2;20/09/2024 15:41:53;Alvo;1,408451;Right_Arm
2;20/09/2024 15:41:55;Alvo;1,408451;Left_Arm
2;20/09/2024 15:42:01;Alvo;1,408451;Right_Arm
2;20/09/2024 15:42:03;Alvo;1,408451;Left_Arm
2;20/09/2024 15:42:20;Alvo;1,408451;Right_Arm
2;20/09/2024 15:42:22;Alvo;1,408451;Left_Arm
2;20/09/2024 15:42:28;Alvo;1,408451;Right_Arm
2;20/09/2024 15:45:10;Alvo;1,408451;Right_Arm
